年份,文章标题,发布时间,url,正文
2017,四川广元，一个来了就不想离开的柔美之乡！,2017-05-25,https://you.ctrip.com/travels/guangyuan593/3467041.html,"推荐住宿<ulclass=""cf""><li>广元女皇温泉酒店?407起</span>立即预订&gt;</li><li>广元凤台国际酒店?323起</span>立即预订&gt;</li></ul><pclass=""p_toggle""><span>展开更多酒店<i></i></span>前言一直对四川存有不可名状的好感，我曾翻越徒步穿越那被人遗忘的香格里拉，藏在地平线的亚丁稻城；我曾在九寨沟五彩池下，聆听精灵在歌唱；我曾在黄龙的彩池旁欣赏着流光溢彩般的好似仙女跌落人间的梳妆镜；我曾在蜀山之王贡嘎山上看余晖照耀着圣洁的哈达；我曾在蜀山皇后四姑娘山里望着高山雪莲，闭目嗟叹；我也曾在色达的印经院独自徜徉，感受人类最后一方净土！德格的藏居安逸富贵；石渠太阳部落，雄厚宽广；新都桥美丽的摄影天堂；跑马山上，林涛听雨，花海如茫；峨眉天下秀、青城天下幽，奇绝无双。四川，一次次被它或美艳或狂野或辽阔或冷冽的景色所震撼。四川，是遗落在人间的天堂！它的美，去一次是不够的，恰巧这次友人要约，说带我去一个独特的地方，我将信将疑的同意了，没想到正是这次的小旅行，给我一个了解别样四川的另类途径。预告片广元市区天咨浇Ｃ殴亓潭千佛崖皇泽寺翠云廊明月峡雪溪洞川洞庵行程广元市，是四川省的一个地级市，古称利州，至今已有2300多年的建城历史。素有“女皇故里”、“蜀北重镇”、“川北门户”和“巴蜀金三角”之称。地处四川盆地北部、嘉陵江上游、川陕甘三省结合部，为四川的北大门。是三国历史文化的重要走廊，女皇帝武则天的诞生地，川陕革命根据地的重要组成部分。由于是友人的突然要约，没有过多的准备。在网上查了一下，发现广元景点众多，各具特色，在有限的几天里完全没有可能全部逛完，在友人的推荐下，规划了如下旅游路线。【四日游具体行程】Day1:成都动车到广元，游览湿地公园、凤凰楼及城市夜景Day2:体验龙潭乡村金银花种植基地、千佛崖、皇泽寺、天咨健Day3:剑门关、翠云廊Day4:明月峡、雪溪洞、川洞庵。【拍摄装备】5DMARKIII机身+24-70镜头，大疆精灵4pro无人机注意：切记无人机在广元不能航拍，因为离机场近，在其它地方或酒店航拍记得先询问相关人员（目前如果在禁飞区发现乱飞无人机将会被行政拘留，严重的还将承担相应的法律责任）【图片后期】Lightroom，photoshop【视频后期】Davinci【当地气候】广元市属于亚热带湿润季风气候。光热资源丰富，雨量充沛、四季分明，无霜期较长，立体气候明显，山地气候类型复杂多样，适应多种植物生长。广元地处秦岭南麓，是南北的过渡带，即有南方的湿润气候特征，又有北方天高云淡、艳阳高照的特点。南部低山，冬冷夏热；北部中山区冬寒夏凉，秋季降温迅速。年平均气温16.1℃，七月份气温26.1℃，元月份气温4.9℃。年降雨量800-1000毫米，日照数1300-1400小时，无霜期220-260天，四季分明，适宜生物繁衍生息。但自然灾害，特别是旱、涝灾害频繁。【必备用品】1、运动套装和羽绒服，广元山区比市区低十度以上，注意带好保暖衣物。2、墨镜，帽子，太阳伞，防晒衣也都是出门必备，除非你不怕被晒黑。3、雨伞和雨衣，因为天气阴晴不定，带着以备不时之需。4、晕车药，乘车晕车的童鞋记得出发前带好当地山路较多。5、防蚊水，帐篷，如果要去露营，这两样一定不可少。【交通方式】自驾广元是北线入川的一个大站，交通四通八达，拥有高速公路四条：广（元）绵（阳）高速公路、广（元）巴（中）高速公路、广（元）宁（强）高速公路、兰（州）（广元）渝（重庆）高速公路。国道两条：G108国道和G212国道。省道三条：S202省道、S105省道、S302省道。全市城乡已形成交通网络，可实现一小时到县区。绵阳――广元沿成绵高速公路行驶，直行进入绵广高速公路，从广元出口下，历时2小时左右。成都――广元成都自驾到广元有两种方式，一种是全程走成绵广高速直达市区，历时三个半小时左右；另一种是走108国道，沿途可看紫潼大佛、剑门关等景点，时间上会比走高速要长一些。西安――广元走西汉高速公路，之后进入绵广高速行驶，全程走高速，历时6小时左右。自驾广元是北线入川的一个大站，交通四通八达，拥有高速公路四条：广（元）绵（阳）高速公路、广（元）巴（中）高速公路、广（元）宁（强）高速公路、兰（州）（广元）渝（重庆）高速公路。国道两条：G108国道和G212国道。省道三条：S202省道、S105省道、S302省道。全市城乡已形成交通网络，可实现一小时到县区。绵阳――广元沿成绵高速公路行驶，直行进入绵广高速公路，从广元出口下，历时2小时左右。成都――广元成都自驾到广元有两种方式，一种是全程走成绵广高速直达市区，历时三个半小时左右；另一种是走108国道，沿途可看紫潼大佛、剑门关等景点，时间上会比走高速要长一些。西安――广元走西汉高速公路，之后进入绵广高速行驶，全程走高速，历时6小时左右。观光巴士往返于皇泽寺和红星公园之间，上行线路：皇泽寺站→上西管委会站→建设路站→市场街站→凤凰大酒店站→急救中心站→广元中旅站→琴台广场（平桥）站→军转办站→市政府站→劳动大厦（气象局）站→市天然气公司站→利州区法院站→人民银行宿舍站→通大道公司站→广煤办事处站→万源路口站→雪峰管委会站→雪峰路口站→徐家湾站→红星公园站（共21站）。票价2元飞机广元只有一个机场，就是广元盘龙机场。机场位于广元市区西南方向的盘龙镇，距市区14公里。目前，机场只开通了往返于北京、上海、杭州、广州、深圳五个个国内城市的航线。其它城市的游客还可选择飞往成都或绵羊，而后转车到广元。广元市航空售票电话：0839-3561888　3561898机场咨询电话：0839-3470088　3470048机场官网：www.scgys.com.cn机场交通：公交：可乘坐往返于广元机场与摩尔天城之间的12路公交车，运营时间约为6:50-18:30，每15分钟一班。出租车：一般从市区打车到广元盘龙机场大致花费为40元左右。一起游小贴士：广元距成都双流国际机场（双流国际机场问讯电话028-85205555）290公里，车程约三个半小时；广元距绵阳机场（绵阳南郊机场问讯电话0816-6357195）180公里，车程约两个半小时。汽车广元市区内有大小四个汽车客运站，游客可根据自己的目的地选择乘车站点。从广元发往成都的班车每日有20班，往绵阳有15班，重庆1班。广元汽车客运站地址：市中区蜀门南路54号主要发往：成都、德阳、绵阳、江油、遂宁、三台、盐亭、旺苍、苍溪、元坝、三堆、昭化、市中区主要乡镇、元坝区部分乡镇。上西长途汽车客运站地址：上西坝火车站广场旁主要发往：通江、南江、巴中、正直、南充、重庆、南部、阆中、苍溪、汉中、侯马、苍溪县部分乡镇。电话：0839-3605198交通：乘坐公交6路可达嘉陵长途汽车客运站地址：市区转盘旁主要发往：九寨沟、旺苍、剑阁、剑门、宝轮、昭化、青川、文县、宁强等地。北门汽车客运站地址：北门烟波街主要发往：朝天、杨家岩煤矿和朝天主要乡镇。电话：0839-3222295公交：乘坐公交7路、8路、9路可达火车广元始发的列车只有两列，分别是开往宝鸡的6064和开往成都的N757，但是每日途径广元开往北京、上海、成都、西安、昆明、乌鲁木齐、拉萨、沈阳等各大城市的列车有40多趟，游客可乘坐任意一趟沿宝成线行驶的火车或动车都可抵达广元市，出站后乘1、2、6路公交可抵广元市区的各繁华地段。广元火车站地址：广元市则天路交通：出车站后乘坐1、2、6路公交可抵广元市区的各繁华地段。轮船在广元辖区内，由北至南而行的嘉陵江接收了由西北而来的白龙江水，奔流而下，直至重庆的朝天门与长江汇合，随着政府不断的整治河道，由广元市区以下，常年可乘坐轮船前往重庆。出租车广元市内搭出租车起步价：4元/2公里，公里价：1.2元/公里。公交车广元市内有8条公交线路，其中1、2、6条可至广元火车站。一般首末时间6：00-19：00，空调车票价为二元，普通车票价为一元。<hr/>DAY1:成都动车到广元，游览湿地公园、凤凰楼及城市夜景我是从成都坐动车到广元的，花时大概3个多小时，动车每天往返只有一班，不过非节假日票量比较充足。这绿是郁郁葱葱的绿，生机盎然的绿，是神清气爽的绿。明媚的阳光，宜人的气温，带着甜味的空气的，我的连声夸赞引来友人疑惑的侧目，那眼神好似嘲笑我这没有见过世面的人。可能是吸多了这座小城空气的缘故，肚子居然有了饥饿感，在四川这个遍地是美食的地方，找到美味不用太多周章。随便找到一家餐厅，友人和老板嘀咕几句，不一会儿，桌上铺满各种美食！看到美食，和友人就不客气起来，连忙大块朵颐，直呼好吃。友人看着我浪吞虎咽的模样，说不用急，之后的几天还有好多美味等着你呢！这顿吃了大概一个钟头，吃完感觉还是意犹未尽。广元美食，既具有正宗的川菜特色，取材广泛、味重香浓，又将神秘的古蜀文化和浓郁的民俗风情孕育其中，可谓风格独具，尤以剑门豆腐最有特色。广元小吃独具特色。到广元，“女皇蒸凉面”一定是要尝的，这么盛大的名字自然与武则天有关，据说是她小时候和青梅竹马的情郎哥常吃的面。另外，千层核桃饼也是广元的特色美味，松脆酥香，浓郁可口，上河街清真寺旁的马家核桃饼据说是最好吃的。街头吃过小吃，进酒店别忘了来份当地的特色菜，广元境内盛产竹荪和黑木耳，所以随便走进哪家酒楼，番茄竹荪、竹荪山菌汤、泡椒黑木耳、木耳炒肉等菜品都吃得到。特色菜点：女皇蒸凉面这个凉面的由来与武媚娘有关，相传她非常喜欢这种凉面。其选用上等大米为原料，耐嚼、爽口，吃法多样，最普通的吃法是；碗内放凉面，加入酱油、香醋、辣椒、辣油、香油、白糖、花椒面儿、蒜泥等调料，搅拌后有酸、甜、麻、辣、香五味，川味十足。核桃饼核桃饼，选用上等核桃仁，再加适量的芝麻磨成浆状，在发酵面上涂上辣椒、食盐，做成圆饼，放入炉中烤熟即成。若擀成薄片烘烤，称为“薄脆”。广元核桃饼松脆酥香、色泽金黄、十分可口。剑门豆腐历史悠久，剑门山区有姜维守剑阁时，就地取材磨制豆腐犒赏官兵的传说。剑门关有优质的黄豆和独特的水质，生产的豆腐别具特色，采用炒、炸、熘、烧、炖、蒸、氽、凉拌等烹调方法，可制作出上百种菜肴，著名的有菱角豆腐、怀胎豆腐、熊掌豆腐、雪花豆腐、麻辣豆腐等。吃完美食，我们决定去凤凰楼逛逛。凤凰楼，坐落在广元城中的凤凰山上，高42米，楼阁14层，与凤凰山连成一个整体，远看形似一只凤凰回首。既有古人建筑的古朴典雅，又有现代建筑富丽华贵的风格。到夜间，楼阁上彩灯通明，又恰似一只闪闪发光的金凤凰。1998年修建的凤凰楼在建筑风格上颇见匠心，它不仅是今天广元市的城标，更是一个承传文化的载体。楼内每一层都有当今名人的书画作品。登楼观赏，广元全城历历在目，新城老城融为一体。滔滔嘉陵江，潺潺南河水像两条玉带从城中穿过，鳞次栉比的高楼玲珑别致，五彩缤纷，远处的群山，重峦叠嶂，似龙腾虎跃。古老的皇泽寺、千佛崖，撒播着古代文明，奔驰的列车与现代高科技企业又把现代文明广播人间，登临凤凰楼，无不有“心旷神怡，宠辱皆忘”之感。凤凰楼不愧为当今造型独特，宏伟壮观的天下名楼。登上凤凰楼可以远眺城市全景公园人不多，很安静，适合呆一个下午发呆。酒店打电话过来，说房间安排好了，只有遗憾离开了。今天入住的是广元凤台宾馆，宾馆位于城区南河湖心岛。四面环水，环境清新幽雅，采用仿唐风格的建筑，经典欧陆装修，享有“万顷绿波涌翠岛，琼楼涌现绿树中。细柳低垂拂玉岸，脚踏彩云花中行”之美誉。放下行李，离开宾馆几百米的地方就是南河国家湿地公园。公园内有河流、湖泊、梯田湿地等多种类型的湿地68.0公顷，占公园总面积的61.26%，是许多珍禽水鸟和鱼类的栖息地。公园环境优良，生物多样性丰富，整体风貌与湿地景观及周围自然环境非常协调。公园以湿地植被为主，以南山山体背景为衬托，山、水、城、森林相映成趣，如同南河上的一颗明珠，置身其间，可以感受大自然缤纷艳丽的色彩和宁静幽雅的气质。在公园漫步，清风徐来，水波不兴，人与自然和谐相处。如果不愿意步行游览，公园还有游览车配着导游带大家游览。逛完公园已经是下午5点多钟了，我们步行回宾馆小憩了一会，准备晚上去吃四川火锅。踏出宾馆，天色已晚，华灯初上，宾馆的美逐渐显现出来了。<hr/>Day2:体验龙潭乡村金银花种植基地、千佛崖、皇泽寺、天咨健５诙天一早，就被友人敲醒房门，匆匆忙忙吃了早点，友人神秘的说到我去个有特色的地方。出城不久，友人开着车，带着我沿着公路向山上驶去。不一会，便停到乡村模样的村子旁。友人告诉我，这个地方叫龙潭乡，位于广元市利州区南部，大南山南麓，是有名的农家乐聚集地。当地村民用特色的舞蹈和节目欢迎远道而来的客人。看完表演，友人带我来到了金银花种植基地。这个金银花种植基地占地三百亩，来到田边，远处的美景一览无余！现在正是金银花采摘的季节，在这300亩的生态花园里，用刚采的金银花泡一杯花茶，悠然漫步于山野间，茶香沁入心脾，心情愉悦无边，好不惬意！呆了两个小时后，我们决定驾车去千佛崖。进入景区不久，就被路边的各种花儿迷住了。千佛崖位于四川广元市城北5公里的嘉陵江东岸，与皇泽寺隔江相望。千佛崖是四川境内规模最大的石窟群千佛崖摩崖造像始于北魏时期，历经了近1500年，在高45米，南北长200多米的峭壁上，布满了造像龛窟，重重叠叠13层，密如蜂房。现存龛窟400多个及大小造像7000余躯。全崖造像以大云洞为中心，分南北两段。南段龛窟有：大佛洞、莲花洞、牟尼阁、千佛洞、睡佛龛、多宝佛龛、接引佛龛、供养人龛、神龙大佛、如意轮观音、单身佛窟等；北段龛窟有：三世佛龛、无忧花树窟、弥勒佛龛、三身佛龛、节行僧龛、菩提像窟、伎乐天人窟、地藏王龛、力士龛、卢舍那佛龛、十一面观音像、阿弥陀佛龛、飞天窟、清代藏佛洞等。大云洞居于千佛崖中心位置，规模最大，共计造像234尊，左右两壁雕有148尊莲花观音像，窟正中一大佛立像为弥勒佛。唐天授元年（690年），武则天正式登基时，白马寺法明和尚薛怀义等12名和尚为迎合武则天当皇帝的需要，撰写《大云经》呈武则天，称武则天是弥勒佛降生，应代替李唐做皇帝。武则天看后大喜，亲笔作序，颁布于天下，且令各州要营造大云寺以珍藏《大云经》。因武则天生于利州（广元），当地百姓就在千佛崖造大云洞，并且刻了这尊弥勒佛立像和后壁龛中二圣――高宗李治、武则天。欣赏晚历史悠久的千佛涯，被眼前雕刻精美的7000多尊造像所吸引，回味着1500前古人的艺术思维与精神呈现！回程的路上，看见小溪潺潺，路边枇杷硕果累累，一幅春天盎然生气的画面，心情好舒畅！一看时间已经中午时分，但是因为早上吃的太饱，居然一点饿意都没有，于是我们决定直接前往皇泽寺。摩崖造像及石刻皇泽寺内保存着开凿于北魏至明清的6窟、41龛、1203躯摩崖石刻造像，大部分为盛唐时期的作品，分布在寺中“则天殿石龛”、“迎辉楼石龛”、“大佛楼石窟”、“中心柱石窟”、“五佛亭石龛”内。皇泽寺除摩崖造像外，还有众多碑刻，其中有著名的《蚕桑十二事图》。清嘉庆二十一年（1816年），广元县令曾逢吉下令在全县境内的驿道两旁栽桑，曾逢吉将离任时，把栽桑、养蚕、缫丝的生产过程，绘制十二事图，刻成14块碑立于此。这既是我国蚕桑生产的珍贵历史文物，又是格调高雅的艺术珍品。宋代墓室浮雕墙皇泽寺馆藏文物中，一组宋墓浮雕石刻无疑是我国宋代石刻艺术中的珍品。1974－1980年间从广元城四周坝子宋墓中出土，浮雕石刻共24块，每块长2米，宽0。8米，均系本地黄砂岩石刻成。根据墓内清理出来的买地卷记载，制作年代当为南宋时期，最晚的一?宋墓距今已?80余年了。这批石刻浮雕经过修葺后，镶嵌在总长28米，高4米，厚0.8米的照壁上。分成《四宿神兽图》、《戏剧演出图》、《大典演奏图》、《男女武士图》、《孝行故事图》、《墓主生活图》、《花卉图》等七大类。供游人观赏。武则天与皇泽寺广元市流传着这样一段故事：初唐贞观年间，利州（今广元）都督武士Φ姆蛉搜锸显谒履现江潭乘舟游玩时感龙孕而生下武则天，出生之时，城郊的南山飞起一只五彩的凤凰，在利州上空盘一圈后便向天的尽头飞去。则天称帝后，下诏赐寺并刻其真容，寺名“皇泽”，其真容为一石刻金妆像，表现的是武则天晚年时期的形象，至今还保持在寺内。参观小贴士寺内参观约需半小时至1小时。此外，皇泽寺还是观赏广元市全境的好地方。此时的我感觉到了饿意，友人说别急，带你去个风景好的地方吃午饭。车在半山腰进入了一个农家庭院，门头写着松涛山庄。等饭的闲暇在庄园转了一下，居然发现了同样出来觅食的它。没多久，美味一一上了桌，我也顾不得吃相，狼吞虎咽起来。不一会就杯盘狼藉了，我有个坏习惯，一吃饱就犯困，友人从山庄里的枇杷树上摘了几个枇杷让我提神，吃完继续出发，下一站，天咨剑∮讶饲车不一会就来到城市边缘的这座山脚下。近看这座山，巍峨挺拔，郁郁葱葱，清风送爽，林涛如歌。盘山公路蜿蜒而上，公路两边苍松古柏带着广元特有的厚重和艳丽欢迎我这远方的来客，我按下车窗，尽情呼吸着清新的、纯净的，来自原始自然的空气！车停在了半山腰的一个观景平台边，侧目远眺，远处就是广元市中心。群山包围着这座明媚的小城。此时此刻，城市生活似乎远去，如同这苍翠青山，身心也开始疏懒起来......闭目转身，再睁开眼，发现山壁上刻了巨大的祝zhao）字，这是唐朝女皇武则天造的字，明月当空，遐想可能是女皇帝曾经夜晚驻留此地，有感而发吧！问了友人，此山原名天台山，后为了融入女皇故里的历史元素改名天咨健Ｍ蝗挥辛私咏自然的冲动，向友人提议步行上山。友人欣然应允，引导我从路边小道走去。古人早已下了定语，仁者乐山，智者乐水！但古人一直没说如果山水都喜欢，是怎样的人呢？又仁又智？在清朗的林荫下穿行，一切都是寂静的，鸟儿偶尔从这个枝叉蹦到另一个枝叉，对于我这个外来的生物没有一丝不安。树木静静地站在蔚蓝的天空下，张开双臂，迎接阳光。阳光穿过重重叠叠的枝叶照进来，斑斑驳驳地洒落在古树的青苔上。在飘香的林间，我吮吸着花草的芳香，享受原味的松香，陶醉在这如痴如醉的梦幻里......拾阶而上，透过树丛，发现一道人在陡峭间净心修炼，想起了一首诗，坐看云峰转，清爽是心安。日月齐相照，大道乾坤来。行空始觉易，拂尘未沾裳。去留天底下，自在渡苍茫。如此清净处，自是道人修行的理想境地，问了道观的师傅，他们这边是可以接纳凡人临时出家修行的。一直以为人生就是一个修炼的过程，宇宙间的万事万物时时刻刻都在变化，任何时间，任何地方，一切事情刹那之间都会变化，不会永恒的存在。生命如莲，次第开放，人生不过一次旅行，漫步在时空的长廊，富贵名利，不过是过眼云烟。很羡慕这样的人，可以不管俗世，一心追求生命的真谛！继续前行，不多久，就来到了梵天寺，青灯黄卷，梵音佛声。梵天寺是女皇武则天亲赐白银50万两扩修的，苦历经数载，一座气宇轩昂、规模宏大的寺庙拔地而起，朝圣者源源不断，常年香火不绝。天山、梵天寺自此沐浴着女皇的恩泽。游览全寺，发现此地还有不少武则天造的字，看来武则天很喜欢造字啊！或许因为自己的孤陋寡闻，一般一座山，要么是道教名山，要么是佛教名山，很少遇到像天咨秸庋，佛道共存的这么和谐，这或许也是天咨谨攘χ所在吧。沿着梵天寺拾阶而下来到了前山的高山湖泊，名曰“日月湖”，湖边长廊环绕，两边是环湖的木质步道，十九处临水休闲平台，每个平台用武则天用过的年号命名。日月湖正对梵天寺，日月对空门而成天然的“住弊帧Ｇ宸绶髅妫顿感心旷神怡。山水相伴，夫复何求啊！这是一湾清澈的湖水，湖面水平如镜，倒映着蓝天白云、在蔚蓝的天空掩映下湖水是湛蓝的，是碧绿如洗的。阳光洒在慵懒湖面上，像给水面铺上了一层闪闪发光绿缎。老人在湖边锻炼身体，年轻人在湖边写生，此景此境，和谐有趣，这不就是我们孜孜以求的宁静生活啊！天咨降拿溃是淡定从容的，她静穆如故；天咨降拿溃是婉约明快的，她皎皎如明月；天咨降拿溃是道骨巍然的，她孑孑不自怜；天咨降拿溃是超凡脱俗的，她就是身处世外桃源的诗和远方......下山后，我们入住女皇温泉酒店。女皇温泉又叫汤山，坐落于半山之中，远离城市喧嚣，自然风景优美。一天的劳累，泡个温泉，做个SPA后安然入睡了。<hr/>DAY3:剑门关、翠云廊。第3天，因为上午雨太大，就没有出门，等雨停了，马上驱车来到剑门关。“一夫当关，万夫莫开”的剑门关位于四川剑阁县城南大小剑山中断处，两边悬崖峭壁，峰峦似剑，对峙如门，故称剑门，因关山险阴，易守难攻，赢得了“一夫怒临关，百万未可傍”的“剑门天下险”之称。剑门关集雄、险、幽、秀、奇于一体。除山雄关险之外，还以峡谷的幽深、翠云廊的秀丽、岩石的怪异、山洞的奇特而闻名，文物古迹甚多。主要景点有：剑门关、剑阁道、剑门关楼、剑阁驿道、七十二峰、小剑山、姜公祠、姜维墓、邓艾墓、钟会故垒、后关门、石笋峰、梁山寺、翠屏峰、仙峰观等，更有著名的剑门四景（剑门细雨、梁山松涛、夕照绝壁、雪染翠云）和剑门四奇（姜维石像、千年紫荆、松柏长青、剑山石笋）。剑门天下雄、九寨天下奇、峨眉天下秀、青城天下幽，此为四川省四大景观，其中剑门关首屈一指。一说到玻璃国内的玻璃栈道，大家首先想到的是张家界！但是同样惊险刺激玻璃栈道的这里也有，而且风景更美！天空步道位于剑门关梁山寺顶峰，最高处海报1163米。它由一段长60米，宽2米，悬于峭壁之上的半壶型玻璃栈道和一条长24米，宽3米，横跨两峰的玻璃桥组成。栈道总长84米，悬挑半径15.9米。置身栈道，凌空俯瞰，绝壁千仞，令人目眩心惊，给人十足的刺激和震撼！而登上玻璃栈道后所看到的绝美风景，一定可以让你不虚此行！不喜欢步行登山的朋友，可以乘坐缆车直接来到玻璃栈道处。喜欢步行登山的朋友可以沿途体验蜀道难于上青天的艰难！鸟道以险、陡、奇成为剑门关一大亮点，依绝壁而建，蜿蜒而上，垂直高差达110米，长900米，最窄处仅30厘米！一夫当关，万夫莫开。蜀道难，难于上青天。说的就是剑门关。它与峨眉山天下秀、青城山天下幽、九寨沟天下奇并称四川“四绝”！因为我们全程坐的索道，所以游览时间很短，也就两个小时。接下来我们要去的是翠云廊。翠云廊位于剑阁县境内，是以险著称的剑门蜀道的一段，绵延300余里，又称“皇柏”、“张飞柏”，是由近万株苍翠的行道古柏组成的绿色长廊。经历了2000余年的历史沧桑，在历代官民的保护下，“三百里程十万树”的翠云廊景致至今仍然生机盎然，茂盛苍翠，是世界罕见的人工植造的古老行道树群体，被誉为世界奇观，蜀道灵魂。翠云廊以剑阁县城为中心，东至阆中，西至梓潼，北至昭化。她像绿色巨龙，沿着起伏的山峦，跨越深涧沟壑，蜿蜒曲折，蟠环在剑阁古驿道上。古蜀道像裹着绿色的绒毡，大地因她而显得格外秀美，山河因她显得更加壮观，游人因她而显得更加精神。千百年来，翠云廊古柏累受天灾人祸的袭击，而今保存下来的只有廊道古柏7900多株。虽然比原规模小了许多，但气势如故，古貌犹存。加之有成林成片的中、幼柏树群陪衬，使素有“柏木之乡”美称的剑阁山区倍添秀色。""翠云廊，苍烟护，苔花荫雨湿衣裳，回柯垂叶凉风度""清代乔钵的诗是翠云廊的真实写照。万余株苍翠的行道古柏组成的绿色长廊，沿着起伏的山峦，跨越深涧沟壑，蜿蜒曲折，蟠环在剑阁古驿道上，让人仿佛回到那个令人神往的年代！晚上我们入住了当地的剑门驿酒店。放下行李，我们直奔当地最有特色的小吃店。美食在广元永远都不缺！<hr/>DAY4:明月峡、雪溪洞、川洞庵。第四天一早，我们来到了明月峡。明月峡是嘉陵江冲破山脉而形成的峡谷，可称其为蜀道咽喉中的咽喉，是连接南北的唯一通道，地势险峻，得天独厚。峡两岸的山岩多呈银白色，并和青峰、江水相辉映，使整个峡江好像镀上了一层朦胧的月光，十分美丽。后人根据记载仿制的木牛流马！明月峡原名朝天峡，后明清文人墨客取李白诗“清风清，明月明”之意改名明月峡。峡中多奇峰怪石：有山势嵯峨半插天的天柱峰，有宏丽幽深的黄颡洞，有茶圣陆羽称之为“天下第四泉”的蛤蟆碚，有腾空飞架的仙人桥，有裁云剪雾的青峰“三把刀”。这里有个怪石，形状像老虎嘴。漫步在这悠长的古道上，面对浑黄的滔滔江水，和两岸的山峦，感受远古情怀，是出川而去的雄心壮志，还是游子归来的疲惫苍凉，其中滋味难以言表，多少历史人物在这里留下了足迹。游览完明月峡后，感慨古人的智慧与坚韧的毅力，正是这种精神让我们这个民族延续数千年！雪溪洞隐在潜溪河畔的森林之中，风光十分秀丽。参天的树林之中有一大石壁，雪溪洞口就在这石壁之下。洞口前是一间开阔的大厅，石桌石墩整齐排列，幽静森严。厅上两米多高的陆游石像，仪态庄严。厅侧，一条清澈的小溪，从一丈余高的洞门底淙淙地流向大石穴中去了。雪溪洞全长8000多米，是剑门蜀道的风光胜地，洞中石幔、石花、石笋、石柱，拟物状人，巧夺天工。洞中有地下河形成的瀑布，洞内冬暖夏凉，是避暑御寒的好去处！广元的最后一站是川洞庵。在去川洞庵的路上，我们经过了当地的民俗风情馆曾家山民俗风情馆建于2009年，它是传承历史，传承文明的陈列馆。这里有麻柳刺绣，傩戏的实物展示，是当地文化的灵魂传承！川洞庵位于朝天区曾家场镇以南约3千米的川主山，海拔约1400米。由于地下岩溶水作用，川洞庵形成天坑、瓮形竖洞和天生桥三绝共生的地质奇观。天坑长宽约为100米，深约50米，坑内容积约50万立方米，是川北地区目前发现的最大的高山天坑；而瓮形竖洞成因类型和形态特征国内罕见，规模令人称奇，观赏和研究价值很高。竖洞洞顶天窗流水潺潺，水珠下落过程中散为水雾，阳光照射，五彩缤纷；洞底水池与暗河相连，雨季池中水深约2米，冷暖气流在天坑交融形成氤氲之气，蔚为壮观。川洞庵周围青山叠翠、绿树环绕，栈道凌空、曲径通幽，朝晖夕阴，气象万千，为旅游观景必去之地从山顶蜿蜒盘旋而下，沿着向下多达数千的台阶前进，一直通往深深的川洞庵谷底。虽是夏天，每下一步石阶，凉意就增加一分。台阶在雨后更显得湿滑，行走时一定要留意脚下，扶好扶手，不然会一不小心就溶于这片自在的原始森林里面去了。千百年来，但凡有人聚居的地方，就有江河湖海，就有群山耸立。广元的山，无论怎么被顶礼膜拜、香烛伺候，大多淡定从容，笑看流云如飞，斗转星移，静穆如故；广元的山，松涛拍林浪，柯声伴梵音，它重峦叠翠，它万木峥嵘！汹涌的嘉陵江自北而来，流经广元时，却特别的温婉。广元的水，不娇柔，也不造作，或遇石滩，涓涓似溪，或遇平坝，静静如镜；银波泛泛，晚霞蒙蒙，广元的水，像一条翡翠缎带，在川北大地金黄色的地毯上飘过，又像一条碧绿的玉带，紧紧系在巨人的袍子上；嘉陵江水穿山破壁，气势汹汹奔腾而下时，正是广元最美的时光留存！作家，旅游达人，出版随笔《旅行是为了更好的生活》新浪微博：滢萱yingxuan微信公众号：yingxuan320个人微信：dijiayi320如有关于旅行上的问题，随时留言给我。我平日比较忙，不可能及时回复，但只要有空，一定会回复大家。如果没有问题，也欢迎大家关注，但请不要一再私信我聊天，谢谢大家理解！"
2017,仗剑走天涯：甘南6天5夜：九寨沟、黄龙、若尔盖、郎木寺、扎尕那……,2017-02-21,https://you.ctrip.com/travels/jiuzhaigou25/3193646.html,"你逃离不了的北上广，你逃离不了的大小城市，你也想过闲云野鹤的生活，却又舍不得那些灯红酒绿。因为在这里，这片城市有你曾经努力过的辉煌，有你流下的汗水与泪水。在你心中，是不是一直有一个梦想：曾梦想仗剑走天涯，看一看世界的繁华。视频：《曾梦想仗剑走天涯》记得打开音乐，选择超清播放。无法播放请打开网址：http://v.qq.com/x/page/g0335jd26ek.html旅行、摄影微博@吴秋煌微信：wuqiuhuang123仗剑走天涯：九寨沟、黄龙、甘南、若尔盖、郎木寺、扎尕那……之前有去过一次甘南卓尼那里，迷恋那里无尽的自然风光，与世隔绝的田原般的生活，朋友曾经跟我提起过若尔盖和扎尕那那里的美，刚好有时间，那就出发吧！旅行目录：一、曾梦想仗剑走天涯二、Day1：成都-都江堰市-映秀镇-黄龙-九寨沟沟口三、Day2：九寨沟一日游―日则沟―树正沟―则查洼沟四、Day4：郎木寺―甘南扎尕那五、Day5：扎尕那―黄河九曲第一湾―唐克六、Day6：唐克乡―成都七、旅行攻略【如何到达】：去甘南，一般都是先到成都，然后再包或自驾前往，包车是比较便捷的一条线，经济又实惠，当然做找一个比较靠谱的包车司机，而自驾适合那么首先你要有一台车，不是人人都可以达到的。【关于美食】：走这条路对于吃的不要抱太大的幻想，能吃饱就不错了，在路上有些地方连吃饭的地方都没有，不过到了当地还是品尝一下，在成都必吃的就是火锅了，在甘南可以去吃一下，手抓羊肉、酸奶、糌粑和藏包子……【关于住宿】：除了吃饭，这一路的住宿并不会相像的那么落魄，九寨沟、郎木寺、甘南扎尕那、唐克当地的住宿都是挺ok的，除了甘南扎尕那，其他都有无线网络哦，不过住宿的时候还是要先问清楚了再入住。【旅行贴士】：1．黄龙。夏天的时候不推荐乘坐缆车上车，基本看不到什么，除了绿色的叶子。而且山下的池水很多都干了，在景区里面有些地方连手机信号都没有，尽量不要一个游玩。2．九寨沟。一天的时候完全可以全部玩下来，早上的时候早点进去，傍晚再出来，不可以在里面住宿。可以先坐观光车到若日朗分叉路口，然后往左边是则查洼沟到长海和五彩池，下午有半天的时候游玩日则沟的景点。3．对于若尔盖花湖遇上了好的天气可以去看看，其实若尔盖大草原的路上风景就挺漂亮的，而且还不用门票，随意拍照。4．郎木寺只是一个地域名称，也可以说是一个小镇子吧，并没有什么样的一个景点，不过下雪过后这里变得好看多了，大多数人这里只是把它当成一个过夜的地方，镇子里面有一座寺庙，有时间的话可以去看一下。5．去的时候扎尕那还在开发成旅游景点，但村子是不收门票的，以后很难保证，来这里游玩推荐在这里住上一天，感受这里的淳朴。6．甘南这条线，大多海拔都在3k米以后，所以不要做剧烈的运动，不要大吃大喝，过度的饮酒。7．这里的天冷变化无常，说下雪就下雪了，所以什么羽绒服，冲锋衣、雨衣、雨鞋还有帽子、防晒霜都先准备着吧，总比冻着好。【曾梦想仗剑走天涯】1．有多少人和我一样，曾梦想仗剑走天涯，看一看世界的繁华。2．可是因为工作，因为生活，我们迫不得已放下那个曾经的梦想。3．黄龙，换个角度看世界，我愿意坐这里慢慢变老！3，九寨沟风景美如画，连倒影都是这么干净，这么的纯粹。4．给我一个支点，我可以撬动地球，给我一个越野车，我可以环游世界。5．趁你还年轻，放下手中的事，去看看世界各地的风景。6．因为，你还年轻，你还可以走得动，大好河山还在。7．因为，若尔盖的野花早已盛开了。8．因为，郎木寺已经下雪了，就等着你来看了。9．一生之中，能看到这次这样的美景。9．关于作者：自由摄影师、旅游体验师、专业航拍、酒店试睡员。关于摄影、关于旅游、合作、约稿微博@吴秋煌或加我微信：wuqiuhuang123曾梦想仗剑走天涯，如今我已四家为家。【Day1：成都-都江堰市-映秀镇-黄龙-九寨沟沟口】从成都出发，走成都-映秀高速，路过都江堰市后到映秀下高速，到了映秀沿途你就能看见【08512地震遗址】了。5.12汶川地震确实很触目惊心，但是道路也是很安全的，现在从成都到九寨沟的路况已经很好了，全是柏油马路，路况非常平整，两旁的山已经加固了。抵达【茂县】后，再翻越【海子山】，山上出名的叫【叠溪海子】，水的颜色与九寨沟相似，然后穿越松潘古城到达黄龙风景区，从黄龙出来后则继续前往九寨沟，傍晚抵达【九寨沟沟口】。随着海拔升高，温度也会有明显的变化。九寨沟的天气有些冷，冬季建议带厚的毛衣和羽绒服，夏季带厚的外套，做好保暖措施。去过好几次都江堰和映秀，现在我们所看到都是新建的房子，曾经5.12把这里填成一片废墟，那片伤痛不会忘记，记得那么那时我还在上学，在教室里听到广播说汶川地震了，时间永远定格在那里。汽车爬上了一个不远处的小山坡，看到雪山啦，立马停了下来休息了一会儿，看看风景，到了高一点的海拔，云层变化得特别的快，就好像在空中飞舞的少女一样。逗逼的司机康师傅，真的是方便面的康师傅，上次稻城亚丁，是坐他老爸的车，没有想到这次居然坐同一家人的车，这就是缘分吧，开得了一手好车，一路上没事的时候和我们聊聊天，谈谈人生，谈理想，哈哈。两个萌妹子，刘柳与于灵娟，刚上班没有多久，请了假出来旅行放松一下，在医院工作，是同事，两位目前还单身，有相中的话可以问我微信啊，你懂的。从成都到黄龙，驱车400多公里，一路天气甚好，早上8点多出发，下午五点多到黄龙，时间比较赶就买了索道上山，但上去才知道，其实上面并没有什么好看的，特别是夏天的时候，山上的树都是绿色的，而下面的池水很多都已经干旱了。秋天来的话可以乘坐览车上山，夏天就没有必要浪费钱和时间走一趟了。去黄龙主要就是去看五彩池，池水从高到低顺着一个池子流到另外一个池子，如果不是亲眼看到，这种美，你是不会相信的。忘了跟你说，这是用无人机航拍的，正常我们用相机拍出来的照片都是平的，一点都不像五彩池。如果可以，真的好想下去下去，走进中央，不想走，可是景区的人员在催我们赶紧出山啦，准备要关门了，此时天气也变得格外的冷，再不出山真的要天黑了，在里面有些地方是没有信号，尽量不要一个人来玩。【旅行小贴士】：夏天的时候不推荐乘坐缆车上车，基本看不到什么，除了绿色的叶子。而且山下的池水很多都干了，在景区里面有些地方连手机信号都没有，尽量不要一个游玩。【地址】：四川阿坝藏族自治区松潘县【门票】：旺季:4-11月：200元淡季11-3月：60元缆车：上行80元/人，下行40元/人。【交通】：可乘飞机到位于川主寺镇的九黄机场，机场距黄龙43公里，旅游季节（4-11月）从机场均有机场巴士前往黄龙，停靠4小时左右后开往九寨沟，车票100元/人。也可从成都的新南门车站乘班车到黄龙，全程二级公路。走的时候，热心的工作人员还帮我背了我的大长焦，你要知道，单单那台相机和镜头就6斤了，少了一台相机，走路的步伐都快了不少，从景区到九寨沟附近的住宿地方还有一段距离，到这里的时候已经天黑了，只想找个地方把肚子填饱了再说。在九寨沟附近，住宿的条件就很不错了，毕竟那里是比较热门的旅游景点，选择的地方比较多，还有一些度假酒店。【Day2：九寨沟一日游―日则沟―树正沟―则查洼沟】早餐后7点景区开门，购票后进入沟内，换乘绿色观光车或步行游览【九寨沟】，大家都知道九寨沟是Y字型的风景区，一般上午都是游玩右边的日则沟，因为这条沟的景点集中比较多。只要有站点，你买的观光车票是可以随时上下的，然后再走栈道步行游玩每个海子。对于著名的海子可以慢慢玩。慢慢拍照，别担心。景区的硬件设施很好的，中午可以在树正寨那个诺日朗服务中心用午餐，下午走则渣哇沟即可，因为景点不多，就几十个海子，从【长海】到【五彩池】，等可以作为游览重点。很多人都朝五彩池里丢硬币许愿，你也可以试试，游览的时候一定注意安全。因为有的地方有水，路滑。所以每一次拍照的时候都要站稳，看准四周，再做POSS吧。正常5点开始九寨沟管理人员就开始清场，请注意出沟的时间。（旅行的线路因人而异吧，我走的路线刚好是相反的。）[旺季]时间：4月1日~11月15日，开放时间：6：30~18：00，门票220元/人，观光车90元/人；[淡季]时间：11月16日~次年3月31日，开放时间：6：30~17：00，门票：80元/人，观光车：80元/人。住在九寨沟附近，在酒店吃完早餐后就前往景区，刚到大门，那叫一个人山人海，排了好长的队才进去了，让我想到王菲的那句，只因在人群中遇到了你，再也没能忘记了容颜。游玩九寨沟有两条线路，先进入景区后到Y型差路口的若日朗下车，进去的那条沟叫树正沟，左边是则查洼沟进入长海，五彩池，右边是日则沟到原始森林，一天的时间安全可以把九寨沟景点玩下来。左边是则查洼沟，那就从左边开始玩，步行木栈道观看九寨沟原始风景，走在其中就好像在画中游一样，湖中的倒影可干净了。不一会的功夫就到达长海那里，也就是左边最里面的一个景点，放起了自己的无人机，开始航拍，九寨沟长海，长约五公里左右，是长海是九寨沟海拔最高、湖面最宽的海子，海子水面呈墨蓝色，水源来自于高山融雪，令人奇怪的是，湖深处达百余米，呈S行展布，海子四周森林碧翠，山峰终年积雪。用无人机飞了很远了，依然看不到尽头，长海四周都没有出水口，单夏季雨季，水不溢堤，冬夏久旱，也不干涸，因此长海被人称为""装不满，漏不干的宝葫芦”。有多少人和我一样，曾梦想仗剑走天涯，看一看世界的繁华。年少的心总有些轻狂，如今我已四海为家。步行往回走，可以直接到五彩池，只看见上半部呈碧蓝色，下半部则呈橙红色，左边呈天蓝色，右边则呈橄榄绿色，第一次看见它漂亮极了，只可惜水有点少了，只能看到一小片部分。中午可以诺日朗中心站附近把午餐解决了，体力充足的话可以自带干粮在路上吃，在景区里面的都会比外面贵一些。对钱不在意的人可以到服务中心吃饭，对于这种事，我想说，可以带我装B带我飞吗？下午还有半天的时间游玩日则沟一条线，在若日朗乘坐观光车直接抵达最里面的原始森林公园，但其实你会发现，原始森林并没有什么好玩的，下车拍了几张照片就往回走了，然后到达熊猫海，熊猫海池水十分的蔚蓝，池中还有很多小鱼嬉戏其中。五花海，有“九寨沟一绝”和“九寨精华”之誉，只见两旁的景色倒影映入水中，像一幅水墨画一样，绕着两旁的木栈道人可以游走在其中，有些老木枯萎了，掉木其中，不管过了多少天，依然不会腐烂，秋天的时候更是漂亮。珍珠滩瀑布，电视剧《西游记》片头中，唐僧师徒牵马涉水的地方曾在这里走过，只见湖水从高处奔流而下，瀑布高21米，近处还能听到咆哮的声音，这里用慢门拍最美不过了。拍摄小技巧：白天拍慢门，需要三角架，加减光镜，最好是ND1000的，这样曝光可以更长。游玩九寨沟准备出来的时候，遇见两个小姑娘，正准备去诺尔盖大草原，刚好我也走那条线，只不过我们越野车是四坐的，只能再多带一个人，被交警查到是很严重的一件事，最后还是不能同行，难免有些遗憾。【旅行小贴士】：九寨沟一天的时候完全可以全部玩下来，早上的时候早点进去，傍晚再出来，不可以在里面住宿。可以先坐观光车到若日朗分叉路口，然后往左边是则查洼沟到长海和五彩池，下午有半天的时候游玩日则沟的景点。【地址】：四川省阿坝藏族羌族自治州九寨沟县【门票】：（04月01日~11月15日）：220.00元淡季（11月16日~03月31日）：80.00元【交通】：去往九寨沟有多种途径可以选择，飞机、火车、长途大巴均可到达。但从整体成本来看，乘坐飞机至成都或重庆，再搭乘长途大巴去往景区，是最快捷、便利的途径。选择乘坐火车的话，也需要先到成都，再转乘长途客车才能到达九寨沟。在九寨沟景区内，有绿色环保观光车或者选择在景区内的栈道步行。连接九寨沟和其它各景区还可以包车、乘出租车或者坐景点间的直达车。【Day3：九寨沟-若尔盖花湖-郎木寺】我们驱车前往【若尔盖大草原】，【花湖】是川北甘南的一大亮点，早在许多年前就有很多人慕名而去，花湖经典的时间是在五六月份，湖畔五彩缤纷，当然要遇上好的天气，去的时候下大雪了，也就没有进去，途中会经过甘南的草原，尕里台大草原和若尔盖大草原，自然风光无限，亲们会真真切切的感受到“天苍苍，野茫茫，风吹草低见牛羊”的意境。【郎木寺】的藏传佛教文化浓厚，请亲们一定要尊守当地的一些风俗习惯，以免产生一些不必要的误会。从九寨沟出发，途经一片石头的房子，让人觉得什么的好奇，因为是包的是一台越野车车前往，所以哪里好看就在哪里停留，真想进去里面参观一下，看看这样精致的房子是如何建造而成的。哪里有花海，哪里就是我心中的天堂，对于花，我格外的喜欢。若尔盖花湖有“中国最美的高寒湿地草原”和“中国黑颈鹤之乡”的美誉，若尔盖县有一个叫若尔盖的花湖，去的时候下大雪了，并没有什么好看的，就没有进去了，还不如在外面路上看到的好看。你也可以在这片草原上手舞足蹈的跳舞，充满鲜花的世界到底在哪里？如果它真的存在，那么我一定会去找到你――甘南诺尔盖花海。【旅行小贴士】：对于若尔盖花湖遇上了好的天气可以去看看，其实若尔盖大草原的路上风景就挺漂亮的，而且还不用门票，随意拍照。【地址】：阿坝藏族羌族自治州【门票】：若尔盖大草原（免费）【交通】：这里只适合自驾前往在若尔盖大草原上，几乎一路都没有看到饭店，好不容易看到一家便利店，终于能吃到一碗香喷喷的自热饭了，那种感觉真的是太爽了，外面是凛冽的寒风，偶尔的时候还飘着小雪。穿过大草原，进入了郎木寺，一开始以为郎木寺是一座寺庙，到了那里才知道，郎木寺是一个地域名称，包括郎木寺镇和若尔盖县红星乡下辖的郎木寺村，在当地找了一家比较特色的小吃吃起来，忽然窗外下起了小雪啦，让我这个生活在南方的孩子欣喜极了，在南方不知要多少年才能遇上一场大雪。晚上听说这里还有活动，就在青年旅社里面，原来这里一到晚上就会有很多来这里郎木寺旅行的旅人在这家店里拼餐，也是交友的好去处。你可以在这里喝点小酒，喝歌，记得当时还有一位小姑娘失恋了，重复唱了好几遍那首《分手快乐》，也是世界这么小，一不小心就遇见了你，世界这么大，一不小心就错过了你。告别错的，才能遇上对的。还年轻，何必单恋一朵花呢？里面的装修也很有风格，桌子搬开晚上这里就变成一个酒吧。老板娘也是一个很随和的一个人，喝着酒来，一杯接着一杯，把我都吓着了。在青年旅舍对面有一家藏艺文化的小店，走进一看，里面的卖的东西还真不少，对于这个还是略懂行情，有几个看得我都想买了，就是身上没有带那么多银子。对于喜欢手饰朋友可以加我微信：wuqiuhuang123，私聊。【旅行小贴士】：郎木寺只是一个地域名称，也可以说是一个小镇子吧，并没有什么旅游的一个景点，不过下雪过后这里变得好看多了，大多数人来这里只是把它当成一个过夜的地方，镇子里面有一座寺庙，有时间的话可以去看一下。【地址】：甘南州碌曲县郎木寺镇【门票】：免费【交通】：郎木寺不通火车，需要乘坐班车或包车、自驾抵达。可以从甘肃、四川两个方向抵达郎木寺，一从兰州起始，经夏河、合作抵达，二从成都经若尔盖抵达。【Day4：郎木寺―扎尕那】今天主要是游览【扎尕那地质公园】，早上在【郎木寺镇】吃个早餐，然后驱车前往今日目的地。2011年《中国国家地理》杂志社发布了“寻找十大‘非著名山峰’”榜单，位于迭部县林业总场益哇林场扎尕那省级森林公园内的扎尕那山榜上有名，位居第四。此处还未被完全开发，整个景区内植被茂盛，草场丰足，阳光充裕，是很多摄影爱好者的采景之地。那里的风景是不能用文字简单描述出来，需要前往亲身体会才能感觉到世外桃源的风貌。2016年遇见的第一场雪，郎木寺下雪啦，而且还很大，今看下雪的愿望终于如愿以偿，用无人机航拍了几张，越野车上被盖了一层厚厚积雪。甘南扎尕那，一处还未被开发的景点，从郎木寺出发虽说不到100公里，但大多都是山路。知道这地方的人不多，游客来这里的更少，风景很迷人，峭壁矗立，房子就建在山腰间，车子缓缓驶入村庄。扎尕那很原始，去的时候，大门还在建造，看来以后这里也慢慢变得一个旅游景点了，在路上的时候看到不少野兔子和小动物，还有当地的居民上山刚回来。田园乡村的地方，随地都是马粪，我也是农村来的，一不小心就会让你大吃一“斤”。在当地烤着火炉吃着饭喝着白酒，这里的人民还是很欢迎旅客在这里游玩，吃大碗面加鸡蛋5块钱，不够了还可以继续再加料，好淳朴的人们。他们这里主要以放牧为主，每家每户少刚几百头牛羊，多的更是上千头。【Day5：扎尕那―黄河九曲第一湾―唐克】早上欣赏一下清晨中的扎尕那，然后出发，主要游览景点【若尔盖大草原】，以及【唐克乡】的【九曲黄河第一湾】。行车时间大概在5个小时左右，甘南地区最好的季节从6月-8月，都非常好，关于夕阳，这个行程的时间刚好在下午5-7点左右抵达唐克乡，所以有夕阳肯定看的见，但最关键的还是得看当天的天气，但请放心，夏季的草原多以晴天为主，而且天黑较晚，喜欢摄影的朋友可以尽情享受九曲黄河美丽的日落景色。大半夜的时候，起来撒泡尿，都冻得直打哆嗦，立马滚回来被窝里面去了，第二天起个大早，打开窗外一看，外面银装素裹的世界，顿时让我欢呼起来啦，立马穿上裤子带上单反和无人机。和当地的居民拍完合影之后，就前往黄河九曲第一湾啦，再见那片淳朴的人们，我还会再来的。【旅行小贴士】：去的时候扎尕那还在开发成旅游景点，但村子是不收门票的，以后很难保证，来这里游玩推荐在这里住上一天，感受这里的淳朴。【地址】：甘肃省甘南藏族自治州迭部县益哇乡境内【门票】：免费【交通】：这里只适合自驾来玩，很少旅行团会走这条线。扎尕那现无班车通行，可以从郎木寺或迭部县包车前往。1.郎木寺拼人包车到扎尕那十分方便，当日往返每人约50元，两日往返每人约100-150元。2.迭部县打车到扎尕那单程每车大约100元，可当天或第二日乘坐返程车回到县城，价格相同。在路上遇见的大雪，让人就想冲进去玩耍，你逃离不了的北上广，你逃离不了的大小城市，大家都想过闲云野鹤的生活可是每个人都要回到现实，平凡之路，我们的一生，平凡不就是唯一的答案吗？在路上能找到一家像有的吃就不错的，狼吞虎咽的一下子就卷光了，在甘南对于吃的不要抱太多的幻想，有的吃就不错的，有些地方连饭店都没有。黄河九曲第一湾观赏台，上去的时候没有看见一个人，当看完风景准备下来的时候，只看到一个当地人说这片土地是他的，要门票。好吧，我们也不想惹事，一个15元，钱能解决的问题，尽量在当地不要惹是生非。上了观景台，这里看到的风景开阔了很多，早知道下来要收门票，就在上面多待一会儿，然后多拍几张照片，把门票赚回来，哈哈。唐克，一个乡，位于四川省阿坝藏族羌族自治州若尔盖县辖乡，一个小县城，适合买点当地的东西，并没有什么游玩的地方，离唐克最近的就是黄河九曲第一湾观赏台，可是当你从扎尕那去唐克的时候路过黄河九曲第一湾不要门票，当你从唐克去黄河九曲第一湾突然就要收门票了，这是在坑我吗。【Day6：唐克乡―成都】几天下来也是挺累的，请放松心态，别抱着会累的样子，沿途遇上好的风景就停下来拍照，一般早上7点走的话。下午5左右点即可抵达成都，当然这个还是要根据实际行驶情况来确定。早上吃完早餐，从唐克乡，一路直奔成都，一路的风景只是过客，黄龙，九寨沟，甘南，诺尔盖，郎木寺，蓝天，白云，雪山，花海……走不一样的路线。6天5夜在一场风花雪月中走过，第二次走甘南线，感谢大脚圆了我一个甘南梦。当我看到火辣辣的火锅，我想我又回到最开始的地方，成都，放下行囊，老板，给我来一份变态辣！要最辣最辣的那种！"
2017,【叙成都】这里永远有我最爱的美食和生活,2017-01-14,https://you.ctrip.com/travels/chengdu104/3338537.html,【叙成都】对于成都，这里有太多我爱的人和故事，这里是我从小成长的故乡，即便是现在的浮躁的社会和环境，成都依旧保持这我熟悉的那种慢步调，一直成长生活的城市里，却从未带着相机好好行走在成都的街巷，慢慢体会成都的美。<hr/>【路线推荐】Day1：宽窄巷子――春熙路――IFS――太古里Day2：锦里――锦城湖――九眼桥<hr/>【关于照片】还是老规矩，先来一组美美的照片预览一下~器材：佳能5ds后期：LR+PS<hr/>【关于住宿】住宿，成都的话，可以定的酒店太多啦，建议住在市区里逛街逛景点比较方便哦。尤其是有地铁交通附近的酒店。我们在成都的最后一天晚上由于第二天飞机比较早，我们决定住在城南边高新区附近，可以逛逛周围的环球中心，锦城湖。所以找的附近的住宿。就被我发现这么个超赞的地方！隆重推荐一下我们这次住的是airbnb上的一家――别宿非常棒的一家民宿，老板非常nice。待我细细叨来。结果和老板一聊天，发现居然是校友。房间可以单独租单间，也可以整套租下来，由于老板和我一样都是学室内设计的，所以是老板亲自操刀设计哦。价格也非常实在，很适合4个以上小伙伴一起合租，很划算哦。<hr/>【关于美食】这次隆重推荐两家美食店：1【一把骨（总店）】地址：成都市金牛区西安北路26号2.【徐记大德壹味火锅】地址：成都市武侯区剑南大道中段511号咱们后面细细道来~<hr/>Day1――成都慢生活虽然在成都这么多年，总是以为出省出国才算是旅游，但是对于家乡却从来没有带着相机好好逛逛成都，用镜头记录成都。【宽窄巷子】宽窄巷子，由三条东西方向的老街，自北向南依次是：宽巷子、窄巷子和井巷子以及街道之间的居民宅院组成。宽巷子与窄巷子是成都这个古老又年轻的城市往昔的缩影，一个记忆深处的符号。窄巷子多有清末民初的建筑，其中还有一些教会留下的西洋风格建筑。宽巷子是“闲生活”区，是老成都生活的再现。宽巷子上有老成都生活体验馆，风土和老成都民俗都在这里。花坛里的大花菜。虽然现在全国的空气质量都不好，但是我依旧爱这个从小成长的城市。当游人伴着夕阳，望着炊烟，走在黄昏中的巷子里，一种久违的老城区市民化生活的场景一一浮现在眼前。恺庐，恺庐位于宽巷子11号，院名恺庐，该门头为宽窄巷子中最富标志性门头之一。院门用特制的青砖砌成带有弧形兀起的拱形宅门，门洞上方嵌入中式传统石匾，匾上采用大篆阳刻“恺庐”，二字写法革新，一反当时中国人从右向左读字的规矩。石匾上方砌出的椭圆形图案，代表高悬“避邪镜”，意在镇退各路妖魔，永保合家平安。宽窄巷子现在也是成都的一个旅游景点了，相对商业化了，很多美食小店。但是价格都偏贵。宽窄巷子的一侧还有很多私人大院，有着好听的院名。非常川剧风的门帘。泡茶馆才是成都人的生活。宽窄巷子这里可以看到各种成都小吃，冰粉，麻园，豆腐脑，钵钵鸡，凉面，锅盔，本地小吃，外地小吃，应有尽有呀。还有成都特有的盖碗茶，一定要尝一尝。一个漂亮的妹子在弹奏乐器。推荐推荐一下宽窄巷子里卖的成都酸奶。有小时候的味道。剧院里准备上场的川剧艺人，认真的一笔一笔的瞄着脸上的图案。冷不丁的突然摆个pose，让来往的路人和游客拍照留念。挖耳朵，应该是成都特有的吧。装备各种齐全，喝喝茶，躺着让人挖挖耳朵也是一种享受。逛累了，在星巴克吃点东西，休息一下。<hr/>【太古里】成都远洋太古里于2014年起开业，汇聚一系列国际一线奢侈品牌、潮流服饰品牌、米其林星级餐厅以及国内外知名食府。以前读初中和高中的时候，我们最喜欢逛的就是春熙路，而现在，基本上每个成都人都一定要去逛的就是太古里和IFS啦。这里还有千年古刹大慈寺更为太古里增添独特的历史和文化韵味。很喜欢太古里这组雕塑。四川多竹子，也爱竹子。前不久才开业的来自韩国的萌萌系列~来成都一定就少不了熊猫~！哪里都能看到熊猫~！太古里的中心，是千年古寺大慈寺。而这里也是公元玄奘曾正式在此寺出家为僧的呢！大慈寺在唐宋极盛时，占有成都东城之小半，是当时成都的游览名区，每逢庙会更加热闹。而如今大慈寺位于成都最商业圈的中心。寺庙内灯笼挂满了枝头，好有过年的气氛。还有在修行的僧人。离开大慈寺，便可以马上进入到太古里商业街。太古里中心广场上的音乐喷泉吸引了不少游客和市民的驻足观赏。这里也有着非常艺术化的装饰。拍摄人像来这里非常不错哦。熙熙攘攘的人群。太古里别具纵横交织的里弄、开阔的广场空间，为呈现不同的都市脉搏，值得把玩的生活趣味、大都会的休闲品位、林立的精致餐厅、历史文化及商业交融的独特氛围，让人于繁忙都市中心慢享美好时光。来到成都，这里是一定不会错过的~！<hr/>【IFS】成都国际金融中心项目位于大慈路以南，2014年，成都国际金融中心商业整体开业，为成都带来更多高端的潮流品牌。从而我们这些老成都也渐渐越来越爱逛新商圈。虽然里面东西都好贵，哈哈哈。穿上乔丹衣服的大熊猫~IFS左侧是春熙路老商业街，右侧便是太古里IFS新商业圈。新老商圈紧紧相连，如果你热爱时尚购物，这里简直就是天堂哟。<hr/>晚餐【一把骨】说到成都的美食就太太太多了，这次出游，终于尝到了也算是成都老字号的美食――一把骨骨头砂锅。棒子骨，蓉城市民又简称筒筒骨，这种骨头骨多肉少，一般都用来熬汤，感觉没有多少啃头；而大多数来过一把骨的食客也表示，他们在家炖棒子骨吃法很简单，口味也很单一，没想到一把骨砂锅店却做出了这么多花样。我们去的是一把骨的总店，紧挨着宽窄巷子。正好逛完宽窄巷子就可以去吃。不过这家真的生意爆好，门口排队的人群还是那么多，如果怕排队，可以提前预定订座哦。由于我们提前就派了一个朋友去排队，所以我们等待的时间并不久。在成都，一般好吃的店门口都会有很温馨的排队场面，这是其他城市所不能比的，排队也排出服务文化来，有免费的瓜子水果零食吃这，有电视看着，冬天天冷店家会放置烤火用的火盆或者炉子。总之排队也不会让你焦急寂寞。一把骨的室内可以说非常文艺风呢，想象中的那种大骨肉店装修风格一定是中式或者很古板的那种，结果一进门都是绿色的植物装饰，满墙的绿色植物，走的居然是清新文艺之风格。复古地砖，略带现代风的软装。暖暖的灯光照耀下，瞬间觉得自己饿了。入门处就有一大特色小吃――锅边馍馍。锅边馍馍一定要趁热吃，边上烤的脆脆的相当爽口。锵锵锵！现在开始说硬菜了。首先必点的就是卤一把骨。川味的卤香，也一定要趁热啃，用上店家给的手套，直接上手。会有点点微辣，不过个人感觉还好，鲜香味浓啊~！【炭火糯香猪蹄鸭掌】这个菜我老公超爱吃，里面有猪蹄和鸭掌，配菜有雪豆，洋葱，青椒等，炖的很耙很糯，女生可以多吃哦，猪蹄美容养颜。【粗粮一把骨】这个我超爱吃，先来一碗热热的粗粮骨汤，暖暖的融化在胃里，里面有玉米啊，胡萝卜，枸杞，南瓜，白萝卜等等配菜，营养相当丰富，冬天绝对必点的滋补砂锅哦。这热热的冒着气，好有食欲有木有。介个是黄瓜，摆盘很可爱。凉拌鸡脚，别看他红红的，但是不会狠辣哦，下饭必点。【番茄一把骨】我们一行人比较多，所以点了两个大砂锅，番茄锅也非常好吃，喜欢喝酸汤的可以点这个哦。里面的配菜也很丰富，有黄豆芽啊，鹌鹑蛋，酥肉等等。这个还要隆重推荐一下他家的自酿米酒。由于我们不小心打碎了一瓶，香味一下四溢出来，店家也马上帮我们清扫了地板和桌子。服务相当好呢。【干锅美蛙】他家同样也有干锅系列，如果要我推荐，干锅蛙一定要常常。虽然这个菜是所有菜里最辣的一个，但是相当好吃，欲罢不能哟。配菜里有藕条，青椒等等・~【太空麻圆】来成都之前逛宽窄大家一定都吃过小麻圆，但是这么大的麻圆还真是第一次吃。里面是内空的哦。店里还时不时会出现弹唱的艺人，这里人居差不多70左右就能吃的非常饱了呢。一直到晚上10点离开一把骨，生意还依旧火爆，味道美味，这也是这家老店能开这么长时间的最核心的因素啦。<hr/>Day2――成都味道【锦里】传说中锦里曾是西蜀历史上最古老、最具有商业气息的街道之一，早在秦汉、三国时期便闻名全国。现在，锦里以明末清初川西民居作外衣，三国文化与成都民俗作内涵，集旅游购物、休闲娱乐为一体。锦里也是每个游客来成都必去的景点，所以来到这里无时无刻不是络绎不绝的游客。在锦里，总有一处让你魂萦梦系。三国文化与锦里也是紧紧联系的元素。锦里为清末民初建筑风格的仿古建筑，以三国文化和四川传统民俗文化为主要内容。这里有很多童年的记忆和玩耍过的游戏，例如这个路边售卖的纸风车，小的时候手工课上，每个小朋友都会亲手做一个来玩耍。锦里里的小商小贩卖的些是筷子、茶叶、灯笼、蚕丝被和土特产。皮影元素的小店。去熊猫邮局给未来的自己写封信。捏个泥人，转个糖画儿，买张剪纸，都是包含童趣的东西，怀旧也是怀念童年淳朴的快乐。用朋友的话说，每个城市都有一个两个必须去的景点的话。那么锦里就是成都必去的地方。记得之前有一组很火的拍的汉服的夜景的照片。取景地就锦里哦，而且夜晚的锦里也是有着非常美的夜景，游客也会相对少很多。<hr/>【锦城湖】随着对生态环境、城市规划的不断重视，成都的“生态之肾”越来越多，也让我们生活有了更多的惬意选择。而成都南边的锦城湖就是这样一个地方~锦城湖有4个湖，横亘绕城高速高架桥。绕城以北湖面很大，以南略小。2号湖区以自然式的树林、大面积的草地与开阔的湖面为主，3号、4号湖则增加了丰富的石景、岛屿、小桥、栈道等景观。记得第一次锦城湖还是和小伙伴们去跑步，在锦城湖跑完一圈约有10公里，加上绿化好，环境开阔，跑道宽敞，照明良好，特别适合夜跑。我们这次去，租了一辆自行车，在步行汽车栈道上骑行也是非常惬意的一件事情哦。春天这里盛开着各种花儿，沿着湖畔跑步，微风会送来花朵的香气；夏天炎热，但这里的空气格外湿润，有时抬头可以看到一弯月亮悬挂在头顶，月光洒在湖面，留下一湖朦胧；秋天，水面上摇曳着一丛丛芦苇，像波浪一般在风中起伏；冬天，长长的一圈逛下来，会让人觉得温暖畅快，累了可在直抵湖面的观景长廊上漫步。<hr/>【晚餐】胡巴火锅宴下午骑行锦城湖体力消耗不少，肚子也开始咕咕叫唤了，于是又到了寻觅美食的时候了，听南边的朋友说，有一家霸气侧漏的火锅界航母的店就在这附近。本身就爱吃火锅的我立刻燃了起来，尤其是看到居然有我最爱的胡巴的主题元素。当即就和小伙伴们决定晚上去吃这家网红火锅店――徐记大德壹味火锅。这座霸气侧漏的四层小楼里拥有着成都城南体量最大的火锅店。这里也是集合茶楼，咖啡厅，火锅店等一身的店。一层是接待大厅和咖啡店，二楼是火锅店，三楼是江南与日式风格的茶楼，四川是个露天顶楼有单独的包间。由于我们到的比较早，还没到饭点，我们先来到了三楼逛逛，一进入就看到整个一面的徽派建筑的绘画墙，一股江南风情一下就出来了。三楼可以品尝徽菜和品茶。很多商务人士正在这里浅谈或休息，一切装饰都那么雅致。包间一侧非常有日式风格的装饰。坐在这里，品茶谈天也是一桩乐事。差不多快六点了，我们的肚子也饿了，准备去二楼吃火锅咯。一进入二楼，就被墙上这个硕大的蚂蚁吸引了。这种风格的火锅店，我还真是第一次见，好有个性~！来之前就听说店里有个镇店之宝，一辆酷炫到不行的哈雷摩托车。价值40万的真货，就是为了广大吃货们来凹造型而精心准备的呀。哈哈，不得不说老板好了解我们的喜好。入口处就有一个酒水超市，原来这里采用的是自助式消费，吃什么喝什么完全自己来定，只需要用一张店内的卡上登记就可以了，最后结账即可。是不是很高大上呢。看到了我最爱的胡巴耶~原木色的桌椅，工业感十足的墙面手绘画，还有清新的绿萝植物相伴，混搭出一种特别的气息。中心的调料区，有师傅专门服务哦。各种调料，可以根据自己的需要来自由搭配。这里不得不说一下，惊现了我最爱的折耳根！！！简直太完美了，妥妥的三勺入碗。这里的配菜，都是自助选菜模式，新鲜的荤素菜依次排开供大家选择，所有的餐盘下面都植入了科技芯片，结账时候也不用担心等待排队，滴滴一下就能搞定。非常方便。徐记大德壹味火锅可以看到，菜品新鲜程度和分量都相当不错哦。这里特别推荐一下他家的鲜毛肚，简直美味~！每片毛肚只需要烫个7秒就可以吃了，而且这个尺寸的毛肚大小刚刚好，太大的会咬不动。徐记大德壹味火锅牛肉也超级赞~！入口滑嫩鲜香，下锅变色即可吃了，完全不会咬不烂。还有这盆鸭肠，口感也超级赞，列入我的推荐菜之一。功夫郡片，听名字都取得这么大气，一般我们在火锅店里吃到的都是郡把郡花，这样的形式的郡片我还是第一次吃，而且每片都切的薄厚均匀，整齐的挂在架子上，造型太妖艳儿了~鱼皮~这个下锅也超级好吃，导致我们拿了2盘还没吃过瘾。Q弹的鹌鹑蛋~放在最后面就要好好说一下我们的胡巴锅底！我也是为这个锅底而来，堪称大德壹味的必杀锅底。4斤纯牛油灌模制成的胡巴，形态乖萌的呆立在海椒底料上，再配上点烟雾缭绕额特效，这才真的是有妖气呀。快来看胡巴泡澡啦。徐记大德壹味火锅再缓缓加入高汤，等牛油融化后就变成了我们涮烫的火锅锅底啦。虽然好舍不得我们的胡巴，已经融入到锅底汤料中了。如果运气好，吃着火锅还能欣赏到经典的川剧变脸哦。来一个悟空现身~最后，美美的吃完火锅，大概人均80-100左右，用刚录制的胡巴锅底腾云驾雾的视频发了几个朋友圈也是惊艳到朋友们~<hr/>【九眼桥】夜晚的九眼桥，由于只是路过，匆匆拍了一张夜景，这里的夜晚很美哦。喜欢泡吧的朋友，一定要晚上来这边的酒吧坐坐。沿着河边也有很多成都市民散步休闲，还有很多老大爷在钓鱼哦。吃完火锅，打个车回家，顺便逛了逛家门口附近的九眼桥，就这么愉快的结束了这短短的周末成都游。虽然短短的几天时间里，去的地方不能说太多，但是叙成都，我还有更多的时间去好好品味这座我最爱的城市。
2017,成都瞎晃晃,2017-04-25,https://you.ctrip.com/travels/chengdu104/2097537.html,"<dlclass=""daytitle""><dt>第1天</dt><dd><spanclass=""time"">2014-10-05</span></dd></dl><!--照片相关信息--><!--照片相关信息--><!--照片相关信息--><!--照片相关信息--><!--照片相关信息--><!--照片相关信息-->"
2017,2013的足迹：万水千山,2017-05-15,https://you.ctrip.com/travels/youyouctripstar10000/3056069.html,"<dlclass=""daytitle""><dt>第1天</dt><dd><spanclass=""time"">2013-01-01</span></dd></dl><iclass=""g_sight""></i><!--照片相关信息--><pclass=""description"">晚上住瑞丽市区，非常繁华的边境小城，但是需要注意安全，尽量不出门，很多缅甸的无业游民在此进行诈骗、贩毒等违法犯罪活动。<pclass=""poi_name""><iclass=""g_sight""></i>"
2017,我的七藏沟穿越记（2013/9/30-2013/10/3）总行程59.5KM,2017-08-16,https://you.ctrip.com/travels/jiuzhaigou25/1599033.html,"<dlclass=""daytitle""><dt>第1天</dt><dd><spanclass=""time"">2013-09-30</span></dd></dl>七藏沟，很多人都没有听说过。其实和九寨沟背靠背。如果穿越七藏沟，再多翻一座山便到了九寨沟风景区。2006年夏天报团去了一次九寨沟，有幸领略了人间天堂的九寨沟。想着以后有机会再去看一看秋天童话般的九寨沟。2008汶川大地震，虽然九寨沟没有受损，但是去九寨沟的路及路上的景点都震坏了，无比痛心。2013年灾后重建的第5年，和朋友相约去穿越七藏沟，计划顺路去看秋天的九寨沟。可当时就只是因为九寨沟景区门口人山人海而放弃了。2017年的现在，九寨沟刚发生了7.0级地震，对景区造成了严重的破坏，海子决堤不说，就连《西游记》片尾出现的诺日朗瀑布都面目全非。那一场期盼已久的秋天的邂逅，错过了，也许、可能是永远地错过了……今天，有朋友提到七藏沟是否完好，我想应该不会幸免，路大变样，山大变样，水也大变样了。一切都只是回忆了。－－2017/08/16以下游记发表于2013年10月，再次分享，以纪念地震前的七藏沟。【行程概况】9/29：成都－汶川－松潘－川主寺（卡卡沟营地）。D1（9/30）：卡卡沟－七藏沟－长海。备好行装及马匹，徒步前往七藏沟长海。沿沟溯溪往东行进约16KM左右，便可以看见犹如“幽灵眼睛”般的一个狭长海子，长约3公里左右，被高山环抱，群山、白云、蓝天映在海子中分外美丽。（行程17.5KM）D2（10/1）：长海－鱼海子/草海。翻越海拔3800M的哑口，第一次亲临壮美的雪山，激动。（行程10KM）D3（10/2）：草海－红星岩－红星湖。沿溪而上行走6KM左右，登上红星岩，便来到了被当地人视为圣湖的红星湖。（行程8KM）D4（10/3）：红星湖－雪山垭口（海拔4280M）－翡翠双海－红星大峡谷－川主寺。从大峡谷的雪山垭口出发，可欣赏美丽的峡谷风光，翻越雪山后映入眼帘的是犹如两颗绿宝石的翡翠海。之后，行进4小时左右可到达九黄机场，参观了向导扎拉的家，品尝了酥油茶、青稞酒，唱歌跳舞欢聚一堂。（行程24KM）10/4：川主寺－汶川－成都。起个大早，迎着朝阳再一次呼吸清新的高原空气，带着愉快的心情回到温暖的家。<iclass=""sight""></i>长海<iclass=""decoration_arr""></i>行程中最美的一个海子，17.5KM的路程，路面较平坦，沿途很原始很生态，值得一去。9月27日，三三两两的小部队纷纷从义乌、宁波、武汉、广州出发。下午15：00，带着朋友们的声声祝福，我跟着上海组的冰姐和徐哥一起登上开往成都的快速火车，28日中午准时、也是最先一批到达成都，在武候区悠闲地度过了一下午，喝喝茶、拍拍小猫咪。还很不厚道地上传了好些成都美食物图到会议群，给在火车上煎熬了两天一夜的伙伴们小小的刺激。还没集合，伙伴们已经状况不断，“马英十”小伙伴上火车前掉了一只登山鞋，连垃圾筒都翻了个遍，还是木找到，只得依依不舍地把余下的那只扔了；领队洪彪和新仪竟然跑错火车站，未赶上我好容易替他们抢到的那一列，结果惨到买了个无座票，在WC边上打地铺睡了一晚；还有“达叔”，那么认真仔细的一个青年，到了酒店才想起把登山鞋落在火车上了，深更半夜拉了个“摩的”轰隆隆地赶回火车站，幸亏火车还未启程。（最可怜的是马英十，他的鞋不是用金钱可以解决的，晚上店铺关门了，早上店铺还未开，幸好他还有溯溪鞋和军用跑鞋）9月29日早上9：00，我们包了辆车从成都向车主寺行进，天黑了才到达目的地。比较糟糕的是一路失眠过来，火车上、旅馆里、巴士上都没有好好睡过觉，随着海拔的升高，头有点涨，到了车主寺来了次进山前的FB，菜很多，但我好像没有胃口，还有点想吐。（其实是高反的症状，当时不知道，以为只是睡眠不足引起的。）餐毕，小车送我们到卡卡沟营地，黑灯瞎火的搭起帐篷，为了能睡个好觉，吃了片白+黑的黑片，好像稍微睡踏实了一些，头也不涨了。<!--照片相关信息--><pclass=""poi_name""><iclass=""sight""></i>长海<iclass=""decoration_arr""></i>（D1）9月30日早早地醒来了，草草地吃了点零食，跟着大队人马向大山挺进（与北京队、苏州队一起进山），一路上小桥流水，青青牧场，牛马欢奔，还有我们的欢声笑语。（今天开始手机彻底无信号）<!--照片相关信息--><pclass=""description"">长海<pclass=""poi_name""><iclass=""sight""></i>长海<iclass=""decoration_arr""></i><!--照片相关信息--><pclass=""description"">出发<pclass=""poi_name""><iclass=""sight""></i>长海<iclass=""decoration_arr""></i><!--照片相关信息--><pclass=""poi_name""><iclass=""sight""></i>长海<iclass=""decoration_arr""></i>今天的路程是17.5KM，我完全不在意前面的路有多艰有多险，我想我的腿没有问题，人家能走我也可以走。走走停停拍拍，这一路简直是无忧无虑。一晃已是下午2点，不知不觉我们已经走了那么多钟头了，不知道是昨晚黑片的效果，还是没吃饱午餐，还是因为突如其来的雨干扰了心境，我开始感觉不舒服，乏力无比，心跳频率120/M，脚步沉重难移，走两步歇一歇。我想跟着佳丽轻快的步子走，却被远远地甩在后头。听说还有6KM的路要走，我不停地给自己打气：坚持坚持。但一点效果也没有。一路上前后的队员开始为我担忧，冰冰走几步等我两步，富哥帮我把相机背走了，还给我喝了几口红牛。虽然走不动，但当时的我心里还不急，因为最后面还有达叔和耀哥重装压阵，反正丢不了的。这样子暴走，正常应该会出汗才对，但我这已经不叫走路了，简直是在挪步，虽然有雨衣套着，还是觉得冷，为了防止感冒发烧引发高原疾病，我乖乖地把羽绒服也套上了。到了长海风景区，我的包我的相机已经全部揽在领队身上了，他自己都有一个大包，又背了我的小包，也走得很吃力。<!--照片相关信息--><pclass=""poi_name""><iclass=""sight""></i>长海<iclass=""decoration_arr""></i><pclass=""poi_name""><iclass=""sight""></i>长海<iclass=""decoration_arr""></i><!--照片相关信息--><pclass=""poi_name""><iclass=""sight""></i>长海<iclass=""decoration_arr""></i>我在长海边无力地摆了几个POSE留了个影，郁郁寡欢地先行一步，继续走上坡的路，看到大树就靠一靠，喘口气，回头再看看后面的人。无神又无辜的眼睛看着他们向我靠近又等我前行。我惨白的脸“赤果果”地迎着他们，全然不顾形象了……<!--照片相关信息--><pclass=""poi_name""><iclass=""sight""></i>长海<iclass=""decoration_arr""></i><!--照片相关信息--><pclass=""description"">长海<pclass=""poi_name""><iclass=""sight""></i>长海<iclass=""decoration_arr""></i>团队精神<!--照片相关信息--><pclass=""poi_name""><iclass=""sight""></i>长海<iclass=""decoration_arr""></i>终于熬到了营地，炊烟袅袅，我好想奔跑却奔不起来。冰冰已经搭好帐篷了（就在马粪的边上，还好不臭，呵呵），我二话不说钻睡袋就睡，背上丝丝凉意。洪彪、新仪煮好了饭，让大家去打饭，冰冰打来了热腾腾的饭，天冷几分钟就冰凉了。我坐起来就感觉头晕，含一口躺下慢慢咀嚼，费尽地吞咽，吃了两口想吐，冰冰命令我，“必须吃下去，明天就会有精神。”勉勉强强一粒不浪费地全吃完了，达叔一会儿送来了热开水、一会儿送来热紫菜汤，浑身一下子暖和了，有种感动叫“热泪盈眶”，这份感动此生难忘-----感谢我的好兄弟好姐妹们。旁边不远处，还有一个病人在呻吟着，原来是“马英十”，小马怎么会突然发烧，我怎么也想像不到，他是走得超快的一个，路上他还指导我如何平复心率，还给我喝野生蜂蜜水。如今我却什么忙也帮不上，唉~~~~雨滴答滴答下着，这一晚不敢吃黑片了，躺在这海拔3000多米高的地球上，我辗转难眠，思绪万千，这样子给大家拖后腿可不行啊。明天，有几个人可能会下撤，徐哥（肩膀痛）、小马哥（发烧）、红萍姐（帐篷漏雨），冰冰（喷嚏接连不断），还有这湿漉漉的可恶的天。想着明天要不要下撤？如何下撤？想像着骑着马儿倒退17.5KM的事情，恍恍惚惚，大概这一晚根本就没睡着吧。<!--照片相关信息--><pclass=""poi_name""><iclass=""sight""></i>长海<iclass=""decoration_arr""></i><pclass=""poi_name""><iclass=""sight""></i>长海<iclass=""decoration_arr""></i><!--照片相关信息--><pclass=""poi_name""><iclass=""sight""></i>长海<iclass=""decoration_arr""></i><pclass=""poi_name""><iclass=""sight""></i>长海<iclass=""decoration_arr""></i><!--照片相关信息--><pclass=""poi_name""><iclass=""sight""></i>长海<iclass=""decoration_arr""></i><pclass=""poi_name""><iclass=""sight""></i>长海<iclass=""decoration_arr""></i><!--照片相关信息--><pclass=""poi_name""><iclass=""sight""></i>长海<iclass=""decoration_arr""></i>"
2017,穿行巴蜀-2014国庆亲子自驾万里行,2017-09-11,https://you.ctrip.com/travels/jiuzhaigou25/2145734.html,"<dlclass=""daytitle""><dt>第1天</dt><dd><spanclass=""time"">2014-10-01</span></dd></dl>里程：809公里路线：濮阳～许昌～南阳～襄阳～荆门～宜昌时间：10h43m记事：前一天披星戴月529公里到达河南北部城市；在路上，为祖国庆生；快到宜昌时，为绕过高速堵车路段，穿行山谷中的小镇，发现小时候课本里的有山有水，有树林，有燕子，有高压电线的小镇就在这里。<iclass=""sight""></i>宜昌<iclass=""decoration_arr""></i><!--照片相关信息--><pclass=""poi_name""><iclass=""sight""></i>宜昌<iclass=""decoration_arr""></i><pclass=""poi_name""><iclass=""sight""></i>宜昌<iclass=""decoration_arr""></i>"
2017,2016的足迹：屈指行程两万,2017-05-11,https://you.ctrip.com/travels/shanghai2/3052951.html,"<dlclass=""daytitle""><dt>第1天</dt><dd><spanclass=""time"">2016-01-10</span></dd></dl><iclass=""g_sight""></i><!--照片相关信息--><pclass=""description"">上半年在图书馆度过了多少时光啊<pclass=""poi_name""><iclass=""g_sight""></i>"
2017,清凉之旅一一随雪狼自骂游石柱县黄水千野草坷、大风堡景区,2017-01-19,https://you.ctrip.com/travels/dazhu3138/3014870.html,"本周六6月18号计划参加雪狼自驾组织的自驾重庆市石柱县黄水镇2日游，费用198元，包含?黄水千野草坷、大风堡景区门票，1早3正餐，住农家乐一晚（可以自带帐篷，返60元住宿费，但是没有早餐），不带车拼车费120，包括旅游保险费。愿意一起旅游者，请联系，电话18608187053，QQ2548340172。<!--照片相关信息--><pclass=""description"">大竹县县城<!--照片相关信息--><pclass=""description"">大竹小吃特色面<!--照片相关信息--><pclass=""description"">大竹小吃特色面<!--照片相关信息--><pclass=""description"">大竹小吃特色面<!--照片相关信息--><pclass=""description"">大竹小吃特色面大竹县最高温度34度，清凉之旅从早晨7??点开始，大竹县县城出发一大竹高速公路收费站进入高速公路一邻水县一高速公路川渝界收费站（过路费50元）一垫江县一忠县一石柱县一河源高速公路收费站（过路费70元）一冷水镇一黄水镇一到达石柱县黄水森林公园，全程约250公里，温度大约20度左右。<!--照片相关信息--><pclass=""description"">高速公路大竹服务区<!--照片相关信息--><pclass=""description"">高速公路川渝界收费站<!--照片相关信息--><pclass=""description"">忠县长江大桥<!--照片相关信息--><pclass=""description"">忠州服务区<!--照片相关信息--><pclass=""description"">自驾车队在忠州服务区<!--照片相关信息--><pclass=""description"">高速公路石柱收费站<!--照片相关信息--><pclass=""description"">高速公路石柱收费站　重庆市石柱土家族自治县黄水国家森林公园大风堡原始森林景区，有“绿色宝库”之誉。其主峰海拔1934米，属巫山山系七曜山余脉，群峦起伏，山岭叠翠，沟壑纵横，有“渝东仙境”之称，是石柱县最高峰和重庆市东部最高山峰，有“渝东第一峰”美誉。因常年大风吼鸣，山大惹人，树大招风，大风起时，风起云涌，林涛阵阵，山风呜呜，故名“大风堡”。大风堡坐落于黄水、官田、中益3乡交界处，景区内有著名的“十二花园姊妹山”、小风堡、卧牛石、油草河、摩天坡、三层岩、狮子岩及牛路口古蜀道、万胜坝土家民居、新开寺遗址、大石桥、跳墩河、八角庙等自然人文景观20余处。从“黄连之乡”黄水镇，沿318国道车行至凉水井，沿景区公路进入十二姊妹峰观景台，举月望去，群山巍巍，山峦连绵，12座神态各异的山峰，形如12位婀娜多姿的仙女，这就是景象万千的“十二姊妹峰”。<!--照片相关信息--><pclass=""description"">石柱县万寿古寨<!--照片相关信息--><pclass=""description"">石柱县万寿古寨<!--照片相关信息--><pclass=""description"">石柱县万寿古寨<!--照片相关信息--><pclass=""description"">石柱县万寿古寨<!--照片相关信息--><pclass=""description"">石柱县万寿古寨<!--照片相关信息--><pclass=""description"">石柱县万寿古寨<!--照片相关信息--><pclass=""description"">石柱县万寿古寨<!--照片相关信息--><pclass=""description"">石柱县万寿古寨<!--照片相关信息--><pclass=""description"">石柱县万寿古寨<!--照片相关信息--><pclass=""description"">石柱县万寿古寨<!--照片相关信息--><pclass=""description"">石柱县万寿古寨<!--照片相关信息--><pclass=""description"">石柱县万寿古寨<!--照片相关信息--><pclass=""description"">石柱县万寿古寨<!--照片相关信息--><pclass=""description"">石柱县万寿古寨<!--照片相关信息--><pclass=""description"">石柱县万寿古寨<!--照片相关信息--><pclass=""description"">石柱县万寿古寨<!--照片相关信息--><pclass=""description"">石柱县万寿古寨<!--照片相关信息--><pclass=""description"">石柱县万寿古寨<!--照片相关信息--><pclass=""description"">石柱县万寿古寨<!--照片相关信息--><pclass=""description"">石柱县万寿古寨<!--照片相关信息--><pclass=""description"">石柱县万寿古寨<!--照片相关信息--><pclass=""description"">石柱县万寿古寨<!--照片相关信息--><pclass=""description"">石柱县万寿古寨<!--照片相关信息--><pclass=""description"">高速公路石柱收费站<!--照片相关信息--><pclass=""description"">黄水国家森林公园大风堡原始森林景区<!--照片相关信息--><pclass=""description"">黄水国家森林公园大风堡原始森林景区<!--照片相关信息--><pclass=""description"">黄水国家森林公园大风堡原始森林景区水沙母树<!--照片相关信息--><pclass=""description"">黄水国家森林公园大风堡原始森林景区<!--照片相关信息--><pclass=""description"">黄水国家森林公园大风堡原始森林景区<!--照片相关信息--><pclass=""description"">黄水国家森林公园大风堡原始森林景区<!--照片相关信息--><pclass=""description"">黄水国家森林公园大风堡原始森林景区<!--照片相关信息--><pclass=""description"">黄水国家森林公园大风堡原始森林景区<!--照片相关信息--><pclass=""description"">黄水国家森林公园大风堡原始森林景区<!--照片相关信息--><pclass=""description"">黄水国家森林公园大风堡原始森林景区<!--照片相关信息--><pclass=""description"">黄水国家森林公园大风堡原始森林景区<!--照片相关信息--><pclass=""description"">黄水国家森林公园大风堡原始森林景区<!--照片相关信息--><pclass=""description"">黄水国家森林公园大风堡原始森林景区<!--照片相关信息--><pclass=""description"">黄水国家森林公园大风堡原始森林景区<!--照片相关信息--><pclass=""description"">黄水国家森林公园大风堡原始森林景区<!--照片相关信息--><pclass=""description"">黄水国家森林公园大风堡原始森林景区<!--照片相关信息--><pclass=""description"">黄水国家森林公园大风堡原始森林景区<!--照片相关信息--><pclass=""description"">黄水国家森林公园大风堡原始森林景区<!--照片相关信息--><pclass=""description"">黄水国家森林公园大风堡原始森林景区<!--照片相关信息--><pclass=""description"">黄水国家森林公园大风堡原始森林景区<!--照片相关信息--><pclass=""description"">黄水国家森林公园大风堡原始森林景区<!--照片相关信息--><pclass=""description"">黄水国家森林公园大风堡原始森林景区<!--照片相关信息--><pclass=""description"">黄水国家森林公园大风堡原始森林景区<!--照片相关信息--><pclass=""description"">黄水国家森林公园大风堡原始森林景区<!--照片相关信息--><pclass=""description"">黄水国家森林公园大风堡原始森林景区<!--照片相关信息--><pclass=""description"">黄水国家森林公园大风堡原始森林景区<!--照片相关信息--><pclass=""description"">黄水国家森林公园大风堡原始森林景区<!--照片相关信息--><pclass=""description"">黄水国家森林公园大风堡原始森林景区<!--照片相关信息--><pclass=""description"">黄水国家森林公园大风堡原始森林景区<!--照片相关信息--><pclass=""description"">黄水国家森林公园大风堡原始森林景区<!--照片相关信息--><pclass=""description"">黄水国家森林公园大风堡原始森林景区<!--照片相关信息--><pclass=""description"">黄水国家森林公园大风堡原始森林景区<!--照片相关信息--><pclass=""description"">黄水国家森林公园大风堡原始森林景区<!--照片相关信息--><pclass=""description"">黄水国家森林公园大风堡原始森林景区<!--照片相关信息--><pclass=""description"">黄水国家森林公园大风堡原始森林景区<!--照片相关信息--><pclass=""description"">黄水国家森林公园大风堡原始森林景区<!--照片相关信息--><pclass=""description"">黄水国家森林公园大风堡原始森林景区<!--照片相关信息--><pclass=""description"">黄水国家森林公园大风堡原始森林景区<!--照片相关信息--><pclass=""description"">黄水国家森林公园大风堡原始森林景区<!--照片相关信息--><pclass=""description"">黄水国家森林公园大风堡原始森林景区<!--照片相关信息--><pclass=""description"">黄水国家森林公园大风堡原始森林景区<!--照片相关信息--><pclass=""description"">黄水国家森林公园大风堡原始森林景区<!--照片相关信息--><pclass=""description"">黄水国家森林公园大风堡原始森林景区<!--照片相关信息--><pclass=""description"">黄水国家森林公园大风堡原始森林景区<!--照片相关信息--><pclass=""description"">黄水国家森林公园大风堡原始森林景区<!--照片相关信息--><pclass=""description"">黄水国家森林公园大风堡原始森林景区<!--照片相关信息--><pclass=""description"">黄水国家森林公园大风堡原始森林景区<!--照片相关信息--><pclass=""description"">黄水国家森林公园大风堡原始森林景区<!--照片相关信息--><pclass=""description"">黄水国家森林公园大风堡原始森林景区住宿黄水镇农家乐，吃农家乐，温度约20度左右。<!--照片相关信息--><pclass=""description"">黄水镇农家乐<!--照片相关信息--><pclass=""description"">黄水镇农家乐晚餐<!--照片相关信息--><pclass=""description"">黄水镇镇景<!--照片相关信息--><pclass=""description"">黄水镇镇景<!--照片相关信息--><pclass=""description"">黄水镇镇景<!--照片相关信息--><pclass=""description"">黄水镇镇景<!--照片相关信息--><pclass=""description"">黄水镇镇景<!--照片相关信息--><pclass=""description"">黄水镇镇景<!--照片相关信息--><pclass=""description"">黄水镇镇景<!--照片相关信息--><pclass=""description"">黄水镇镇景<!--照片相关信息--><pclass=""description"">鱼池镇镇景<!--照片相关信息--><pclass=""description"">鱼池镇镇景黄水千野草坷，景区内资源丰富，特色突出，集山、林、草、石、畜于一体，万亩草场、万亩火棘、万亩石牙、万亩森林四大特色旅游资源镶嵌其中。景区芳草青青，花香鸟语，牛羊成群，俨然一幅天成国画精品，今天温度的15度左右，小雨。景区开发岩口休闲服务接待区、麻坪民族体育健身区、大坪草场观光娱乐区和瓦屋土家民俗风情体验区四大功能区，其中“全国典型的喀斯特地质地貌大观园”和以火棘为主题开发的火棘园艺场、火棘迷宫、火棘山、红籽大道等景点更是匠心独具，别具一格。置身千野草场，可饱览红像火，白似雪、粉若桃、黄如金的南国花市和“天苍苍、野茫茫，风吹草<!--照片相关信息--><pclass=""description"">黄水千野草坷景区<!--照片相关信息--><pclass=""description"">黄水千野草坷景区<!--照片相关信息--><pclass=""description"">黄水千野草坷景区<!--照片相关信息--><pclass=""description"">黄水千野草坷景区<!--照片相关信息--><pclass=""description"">黄水千野草坷景区<!--照片相关信息--><pclass=""description"">黄水千野草坷景区<!--照片相关信息--><pclass=""description"">黄水千野草坷景区<!--照片相关信息--><pclass=""description"">黄水千野草坷景区<!--照片相关信息--><pclass=""description"">黄水千野草坷景区<!--照片相关信息--><pclass=""description"">黄水千野草坷景区<!--照片相关信息--><pclass=""description"">黄水千野草坷景区<!--照片相关信息--><pclass=""description"">黄水千野草坷景区<!--照片相关信息--><pclass=""description"">黄水千野草坷景区<!--照片相关信息--><pclass=""description"">黄水千野草坷景区<!--照片相关信息--><pclass=""description"">黄水千野草坷景区<!--照片相关信息--><pclass=""description"">黄水千野草坷景区<!--照片相关信息--><pclass=""description"">黄水千野草坷景区<!--照片相关信息--><pclass=""description"">黄水千野草坷景区<!--照片相关信息--><pclass=""description"">黄水千野草坷景区<!--照片相关信息--><pclass=""description"">黄水千野草坷景区<!--照片相关信息--><pclass=""description"">黄水千野草坷景区<!--照片相关信息--><pclass=""description"">黄水千野草坷景区<!--照片相关信息--><pclass=""description"">黄水千野草坷景区<!--照片相关信息--><pclass=""description"">黄水千野草坷景区<!--照片相关信息--><pclass=""description"">黄水千野草坷景区<!--照片相关信息--><pclass=""description"">黄水千野草坷景区<!--照片相关信息--><pclass=""description"">黄水千野草坷景区<!--照片相关信息--><pclass=""description"">黄水千野草坷景区<!--照片相关信息--><pclass=""description"">黄水千野草坷景区<!--照片相关信息--><pclass=""description"">黄水千野草坷景区<!--照片相关信息--><pclass=""description"">黄水千野草坷景区<!--照片相关信息--><pclass=""description"">黄水千野草坷景区<!--照片相关信息--><pclass=""description"">黄水千野草坷景区<!--照片相关信息--><pclass=""description"">黄水千野草坷景区<!--照片相关信息--><pclass=""description"">黄水千野草坷景区<!--照片相关信息--><pclass=""description"">黄水千野草坷景区<!--照片相关信息--><pclass=""description"">黄水千野草坷景区<!--照片相关信息--><pclass=""description"">黄水千野草坷景区<!--照片相关信息--><pclass=""description"">黄水千野草坷景区<!--照片相关信息--><pclass=""description"">黄水千野草坷景区<!--照片相关信息--><pclass=""description"">黄水千野草坷景区<!--照片相关信息--><pclass=""description"">黄水千野草坷景区<!--照片相关信息--><pclass=""description"">黄水千野草坷景区<!--照片相关信息--><pclass=""description"">黄水千野草坷景区<!--照片相关信息--><pclass=""description"">黄水千野草坷景区<!--照片相关信息--><pclass=""description"">黄水千野草坷景区<!--照片相关信息--><pclass=""description"">黄水千野草坷景区<!--照片相关信息--><pclass=""description"">黄水千野草坷景区<!--照片相关信息--><pclass=""description"">黄水千野草坷景区<!--照片相关信息--><pclass=""description"">黄水千野草坷景区<!--照片相关信息--><pclass=""description"">黄水千野草坷景区<!--照片相关信息--><pclass=""description"">黄水千野草坷景区<!--照片相关信息--><pclass=""description"">黄水千野草坷景区<!--照片相关信息--><pclass=""description"">黄水千野草坷景区<!--照片相关信息--><pclass=""description"">黄水千野草坷景区<!--照片相关信息--><pclass=""description"">黄水千野草坷景区<!--照片相关信息--><pclass=""description"">黄水千野草坷景区<!--照片相关信息--><pclass=""description"">黄水千野草坷景区<!--照片相关信息--><pclass=""description"">黄水千野草坷景区<!--照片相关信息--><pclass=""description"">黄水千野草坷景区<!--照片相关信息--><pclass=""description"">黄水千野草坷景区<!--照片相关信息--><pclass=""description"">黄水千野草坷景区<!--照片相关信息--><pclass=""description"">黄水千野草坷景区<!--照片相关信息--><pclass=""description"">黄水千野草坷景区<!--照片相关信息--><pclass=""description"">黄水千野草坷景区<!--照片相关信息--><pclass=""description"">黄水千野草坷景区<!--照片相关信息--><pclass=""description"">黄水千野草坷景区午饭<!--照片相关信息--><pclass=""description"">黄水千野草坷景区餐厅<!--照片相关信息--><pclass=""description"">黄水千野草坷景区餐厅黄水千野草坷景区一高速公路磨子收费站进入高速公路一忠县一垫江县一川渝收费站（过路费65元）一邻水县一高速公路大竹收费站出高速公路（过路费50元），全程约230公里，结来此次旅行。总花费318元，总行程约500公里。<!--照片相关信息--><pclass=""description"">高速公路收费站<!--照片相关信息--><pclass=""description"">高速公路收费站"
