年份,文章标题,发布时间,url,route
2018,唯有美食与美景不可负——记一场成都周末游,2018-12-04,https://you.ctrip.com/travels/chengdu104/3756318.html,IFS(256)->东郊记忆(307)->鹤鸣茶社(360)->太古里(409)->大慈寺(465)->春熙路(535)->步行街(849)->成都远洋太古里(1644)->重庆丰都名山风景区(2308)->宽窄巷子(3424)->人民公园(3449)->天府广场(3466)->成都吃客(7358)
2018,四川|秋天的成都，三天打卡美景美食游记攻略【第一集】,2018-10-24,https://you.ctrip.com/travels/chengdu104/3743256.html,东郊记忆(371)->锦里(1204)->成都武侯祠博物馆(1973)->春熙路(2567)->太古里(2571)->步行街(2944)->大慈寺(3083)->天府广场(3251)->九眼桥(3896)->成都吃客(4561)
2018,1938年，一封寄往「重庆」的信,2018-10-20,https://you.ctrip.com/travels/chongqing158/3742220.html,中山四路(404)->特园(578)->桂园(584)->周公馆(587)->重庆磁器口古镇(1570)->重庆磁器口古镇(1574)->宝轮寺(1785)->嘉陵江(2182)->重庆洪崖洞民俗风貌区(2651)->千厮门大桥(2885)->长江大桥(3021)->重庆长江索道景区(5041)->解放碑(5310)->步行街(5315)
2018,人鬼情未了，彼岸有异花，丰都鬼城彼岸花节来试试，你够不够大胆？,2018-10-29,https://you.ctrip.com/travels/fengdu120029/3746038.html,丰都鬼城(211)->重庆丰都名山风景区(666)->望乡台(1766)->朝天门(2911)
2018,国庆节重庆七日游线路攻略：游山玩水看长江三峡,2018-09-27,https://you.ctrip.com/travels/chongqing158/3733230.html,乐山大佛景区(143)->渣滓洞(146)->解放碑(153)->重庆磁器口古镇(172)->重庆洪崖洞民俗风貌区(180)->重庆南川金佛山景区(208)->重庆大足石刻景区(215)->重庆统景温泉风景区(311)->峨眉山风景名胜区(2158)->青城山—都江堰旅游景区(2162)->重庆缙云山景区(2166)->重庆丰都名山风景区(2176)->东水门(2962)->长江大桥(2965)->重庆湖广会馆(3021)->朝天门(3500)->丰都鬼城(3576)->重庆忠县石宝寨(3608)->夔门(5147)
2018,成都切哪儿耍？一个成都人为你写的成都攻略,2018-09-09,https://you.ctrip.com/travels/chengdu104/3726945.html,九眼桥(1149)->春熙路(1174)->成都市西岭雪山景区(1247)->青城山—都江堰旅游景区(1261)->IFS(1365)->宽窄巷子(1444)->乐山大佛景区(2791)->大慈寺(3575)->太古里(3764)->东郊记忆(5268)->锦里(5700)->成都武侯祠博物馆(5867)
2018,2018成都苍蝇馆子50强榜单|这是我们的生活特色餐饮篇,2018-09-04,https://you.ctrip.com/travels/chengdu104/3725219.html,九眼桥(565)->太古里(2647)->乐山大佛景区(2767)
2018,打卡重庆网红美食美景,2018-12-25,https://you.ctrip.com/travels/chongqing158/3762850.html,九街(216)->重庆磁器口古镇(798)->李子坝(1190)->重庆洪崖洞民俗风貌区(1440)->解放碑(2366)->步行街(2369)->观音桥步行街(2526)
2018,在二厂文创园，倾听历史与现代碰撞的声音,2018-12-04,https://you.ctrip.com/travels/chongqing158/3756776.html,二厂(116)->重庆鹅岭公园(139)->二厂文创公园(142)->李子坝(1310)
2018,秋风起，火锅香，重庆最美的季节，赶紧嗨起来！,2018-09-23,https://you.ctrip.com/travels/chongqing158/3731928.html,二厂(157)->重庆湖广会馆(161)->东水门(167)->重庆洪崖洞民俗风貌区(190)->重庆磁器口古镇(205)->重庆观音桥商圈都市旅游区(237)->奥陶纪(252)->重庆鹅岭公园(285)->二厂文创公园(288)->李子坝(1203)->重庆南岸南山桃花园景区(1997)->千厮门大桥(2007)->解放碑(3862)->嘉陵江(4092)->宝轮寺(4368)->重庆观音桥商圈都市旅游区(5530)->重庆万盛黑山谷景区(6998)
2018,如果你只能在成都4天3夜，一定要这样吃这样玩,2018-12-22,https://you.ctrip.com/travels/chengdu104/3762265.html,人民公园(337)->成都吃客(352)->宽窄巷子(358)->太古里(372)->锦里(395)->九眼桥(406)->成都武侯祠博物馆(5530)
2018,四川|正确打开成都美景美食游记攻略【第二集】,2018-11-17,https://you.ctrip.com/travels/chengdu104/3751935.html,人民公园(361)->鹤鸣茶社(914)->宽窄巷子(1528)->大慈寺(1759)->文殊院(1763)->太古里(3699)->春熙路(4521)->IFS(4551)->步行街(4576)->天府广场(5103)
2018,成都寻“茶”记遇见竹板凳老火锅一场火锅与盖碗的邂逅！,2018-09-17,https://you.ctrip.com/travels/chengdu104/3729616.html,人民公园(469)->春熙路(475)
2018,醉美三峡旅行季，赏巫山红叶，和第一场雪来一次美丽的邂逅！！,2018-12-17,https://you.ctrip.com/travels/2025223/3760365.html,人民大会堂(639)->夔门(1073)->成都武侯祠博物馆(1455)
2018,4天3晚，去奉节巫山转转，看满山红叶，这草坝滑雪，去冰雪世界里坐缆车！,2018-12-17,https://you.ctrip.com/travels/2025223/3760638.html,人民大会堂(706)->夔门(1069)->成都武侯祠博物馆(1451)
2018,雾都蓉城〡每一次的旅行都是一场修行,2018-12-12,https://you.ctrip.com/travels/chengdu104/3747073.html,双龙湖(1197)->重庆磁器口古镇(1240)->乐山大佛景区(1245)->重庆洪崖洞民俗风貌区(1248)->解放碑(1595)->重庆磁器口古镇(1772)->歌乐山国家森林公园(2152)->白公馆(2401)->八一好吃街(3593)->重庆鹅岭公园(3603)->二厂(3605)->步行街(3843)->李子坝(4709)->太古里(4875)->IFS(4878)->锦里(4882)->宽窄巷子(4885)->春熙路(5179)->成都大熊猫繁育研究基地(5713)->东郊记忆(5725)->峨眉山风景名胜区(6299)->资阳乐至龙门报国寺(6488)
2018,非去不可的重庆，遇见一家最懂重庆文化的国际酒店,2018-12-10,https://you.ctrip.com/travels/chongqing158/3758443.html,嘉陵江(12)->解放碑(922)->朝天门(926)->重庆南岸长嘉汇弹子石老街(930)->四川广汉三星堆博物馆(1285)
2018,贵州之旅,2018-11-30,https://you.ctrip.com/travels/guizhou100064/3755440.html,嘉陵江(1601)->春熙路(1653)->成都杜甫草堂博物馆(1863)->成都武侯祠博物馆(1868)->重庆洪崖洞民俗风貌区(3193)->李子坝(4553)
2018,中国内陆最美夜景的正确打开方式，不相信你不着迷,2018-12-11,https://you.ctrip.com/travels/chongqing158/3758602.html,嘉陵江(194)->重庆南岸长嘉汇弹子石老街(525)->重庆洪崖洞民俗风貌区(761)->解放碑(767)->朝天门(773)
2018,打个飞的去重庆吧！除了火锅，这条三天二晚私家线路请收藏！,2018-07-30,https://you.ctrip.com/travels/chongqing158/3708963.html,嘉陵江(231)->重庆湖广会馆(332)->重庆洪崖洞民俗风貌区(337)->奥陶纪(363)->重庆长江索道景区(399)->东水门(610)->长江大桥(613)->嘉陵江大桥(621)->千厮门大桥(1338)->解放碑(1456)->重庆南岸南山桃花园景区(6617)
2018,【旅神探店】重庆柏联|山中藏古寺，有泉隐于寺,2018-09-24,https://you.ctrip.com/travels/chongqing158/3731490.html,嘉陵江(280)->重庆缙云山景区(494)->重庆涪陵巴山夜雨休闲旅游区(3073)
2018,食“摄”山城--心心念念的重庆之旅,2018-12-27,https://you.ctrip.com/travels/chongqing158/3763468.html,嘉陵江(49)->李子坝(159)->十八梯(174)->解放碑(302)->重庆磁器口古镇(898)->重庆磁器口古镇(902)->宽窄巷子(990)->宝轮寺(2308)->九街(2552)->春熙路(3696)->重庆洪崖洞民俗风貌区(4338)->千厮门大桥(4447)->四川美术学院(5376)->涂鸦一条街(5777)->二厂文创公园(6181)->重庆鹅岭公园(6188)->重庆鹅岭公园(6197)->皇冠大扶梯(6781)->佛图关(7418)->李子坝轻轨(7490)
2018,浙江人用四天打卡成都网红餐厅，终于发现了成都人不在家做饭的理由,2018-11-07,https://you.ctrip.com/travels/chengdu104/3748850.html,四川博物院(1)->成都杜甫草堂博物馆(22)->青羊宫(233)->九眼桥(6753)->春熙路(8925)->天府广场(8978)->IFS(8987)->太古里(8991)->宽窄巷子(9232)->人民公园(9535)
2018,周末游成都，感受天府之国的多样生活,2018-12-02,https://you.ctrip.com/travels/chengdu104/3756051.html,四川博物院(232)->浣花溪(813)->成都杜甫草堂博物馆(953)->文殊院(1288)->青羊宫(1648)->百花潭(2329)->人民公园(2582)->鹤鸣茶社(2821)->九眼桥(3040)->春熙路(4130)->太古里(5350)
2018,最成都的旅行打开方式,2018-08-28,https://you.ctrip.com/travels/chengdu104/3722341.html,四川大学(747)->人民公园(920)->鹤鸣茶社(1024)->大慈寺(1113)->春熙路(1177)->太古里(1296)->宽窄巷子(2057)->文殊院(2143)->天府广场(2179)->百花潭(2193)->奎星楼(2642)->锦里(2834)->成都武侯祠博物馆(2842)->小酒馆(3231)->IFS(3611)->成都远洋太古里(3721)->步行街(3841)->南湖梦幻岛(4941)->泸州市凤凰湖旅游景区(5686)->成都市桃花故里旅游景区(5997)->绵阳市北川药王谷旅游景区(6502)->九皇山(6778)->成都吃客(9425)->九眼桥(9973)->乐山大佛景区(10815)
2018,街头巷尾觅清秋，吃喝玩乐在成都,2018-11-13,https://you.ctrip.com/travels/chengdu104/3749684.html,四川广汉三星堆博物馆(123)->成都金沙遗址博物馆(129)->春熙路(227)->太古里(231)->成都吃客(749)->成都武侯祠博物馆(888)->锦里(892)->成都杜甫草堂博物馆(4002)->浣花溪(4007)->步行街(4962)->奎星楼(5815)->宽窄巷子(5907)->九眼桥(5916)->鹤鸣茶社(5924)
2018,勒是雾都，解锁重庆4日炫酷玩法,2018-10-12,https://you.ctrip.com/travels/chongqing158/3738393.html,四川美术学院(204)->罗中立美术馆(220)->重庆磁器口古镇(262)->李子坝(594)->重庆南岸南山桃花园景区(721)->重庆长江索道景区(765)->解放碑(815)->重庆洪崖洞民俗风貌区(850)->千厮门大桥(891)->奥陶纪(935)->四川美术学院(1164)->宽窄巷子(2649)->成都市双流区黄龙溪旅游区(2711)->皇冠大扶梯(3716)->步行街(4215)->嘉陵江(5505)->重庆大剧院(5710)->涂鸦一条街(6172)->李子坝轻轨(7410)->南山一棵树(9226)->国泰艺术中心(10631)->滨江路(11335)->重庆观音桥商圈都市旅游区(13761)->重庆观音桥商圈都市旅游区(13904)->九街(14395)->二厂(14846)->重庆观音桥商圈都市旅游区(14927)->小酒馆(15075)->北仓图书馆(15159)
2018,四川|大美阿坝州，一个避暑胜地，也是游乐天堂【重庆直飞阿坝红原】,2018-08-17,https://you.ctrip.com/travels/aba744/3718510.html,四川美术学院(2130)
2018,带你走进世界上最大的涂鸦艺术街！,2018-07-29,https://you.ctrip.com/travels/chongqing158/3708402.html,四川美术学院(238)->重庆美术馆(1074)
2018,【山城的动与静，渝见西南】重庆深度游我斗恁个说：重庆的温柔你不懂,2018-09-25,https://you.ctrip.com/travels/chongqing158/3732310.html,四川美术学院(345)->重庆鹅岭公园(351)->四川美术学院(540)->李子坝(565)->贰厂(572)->嘉陵江(2706)->二厂(3118)->枇杷山(4067)->重庆洪崖洞民俗风貌区(5236)->千厮门大桥(5363)
2018,平原小公举&高原野猪牦牛的川渝川西之旅,2018-12-04,https://you.ctrip.com/travels/chengdu104/3755792.html,四川美术学院(395)->涂鸦一条街(398)->李子坝(417)->四川美术学院(847)->皇冠大扶梯(951)->重庆洪崖洞民俗风貌区(1208)->重庆长江索道景区(1341)->千厮门大桥(1518)->春熙路(1758)->锦里(1769)->成都大熊猫繁育研究基地(2539)->宽窄巷子(2600)->成都市双流区黄龙溪旅游区(2907)->草海(4406)->小酒馆(6810)
2018,初冬去奉节和巫山！沿江赏最后一波红叶、耍初雪，一路吃不停！,2018-12-16,https://you.ctrip.com/travels/2025223/3759916.html,夔门(579)->长江大桥(1296)->滨江路(3621)
2018,巫山进入红叶旺季，云巅鸟瞰长江，赏秋观景指南,2018-11-18,https://you.ctrip.com/travels/wushan120018/3751808.html,夔门(798)->长江大桥(3075)->达州市渠县文峰山文化旅游景区(3159)->重庆丰都名山风景区(5687)->中国香山?寿香谷(7397)
2018,独自上路的冬日成都“三日慢游”，探寻天府之国里的“小确幸”,2018-12-26,https://you.ctrip.com/travels/chengdu104/3763113.html,大慈寺(326)->成都吃客(330)->太古里(360)->奎星楼(1160)->宽窄巷子(3044)->文殊院(3235)
2018,总会相逢，终会遇见，川渝吃喝玩乐一网打尽,2018-11-08,https://you.ctrip.com/travels/chengdu104/3747866.html,大慈寺(74)->春熙路(82)->成都大熊猫繁育研究基地(314)->人民公园(536)->宽窄巷子(799)->奥陶纪(1064)->九眼桥(1456)->太古里(1604)->重庆洪崖洞民俗风貌区(1889)->解放碑(1893)->成都吃客(1974)->成都武侯祠博物馆(3293)->小酒馆(3971)->文殊院(4795)
2018,48小时成都，打卡经典景区＋网红美食,2018-10-25,https://you.ctrip.com/travels/chengdu104/3744846.html,天府广场(29)->乐山大佛景区(941)->峨眉山风景名胜区(944)->宽窄巷子(1209)->成都武侯祠博物馆(1214)->人民公园(1279)->成都杜甫草堂博物馆(1284)->九眼桥(1289)->锦里(1306)->大慈寺(1309)->太古里(1313)->春熙路(1431)->浣花溪(4134)->百花潭(4438)->重庆动物园(6357)->青城山—都江堰旅游景区(6361)->碧峰峡旅游景区(6365)->成都大熊猫繁育研究基地(6713)->成都吃客(10066)->小酒馆(12925)
2018,本地人推荐玩法，成都景点美食全攻略！,2018-10-11,https://you.ctrip.com/travels/chengdu104/3738235.html,天府广场(29)->宽窄巷子(161)->人民公园(804)->成都武侯祠博物馆(809)->锦里(813)->成都杜甫草堂博物馆(816)->文殊院(826)->大慈寺(830)->成都金沙遗址博物馆(834)->九眼桥(839)->成都市双流区黄龙溪旅游区(843)->乐山大佛景区(1445)->峨眉山风景名胜区(1448)->春熙路(1972)->浣花溪(6871)->百花潭(7175)->重庆动物园(8518)->青城山—都江堰旅游景区(8522)->碧峰峡旅游景区(8526)->成都大熊猫繁育研究基地(8875)->太古里(10259)->四川广汉三星堆博物馆(11220)->成都吃客(14584)->魁星楼(16801)
2018,（成都本地人推荐玩法）九天开出一成都，带不走的只有你！（三）,2018-08-20,https://you.ctrip.com/travels/chengdu104/3718880.html,天府广场(29)->文殊院(701)->宽窄巷子(782)->人民公园(787)->成都武侯祠博物馆(802)->青羊宫(815)->大慈寺(3076)->太古里(3116)->春熙路(3138)->成都杜甫草堂博物馆(3165)->开江金山寺旅游景区(4341)->成都吃客(8394)->魁星楼(8409)->九眼桥(8508)->乐山大佛景区(10818)->峨眉山风景名胜区(10820)
2018,成都街头走一走，美食美景小确幸,2018-11-11,https://you.ctrip.com/travels/chengdu104/3749758.html,天府广场(301)->四川广汉三星堆博物馆(693)->文殊院(1079)->锦里(1950)->成都武侯祠博物馆(2044)->春熙路(3629)->成都杜甫草堂博物馆(3755)->成都吃客(3841)->太古里(4207)->宽窄巷子(5642)
2018,在成都吃了三天三夜的我，送你一份成都味道指南,2018-11-19,https://you.ctrip.com/travels/chengdu104/3751888.html,天府广场(34)->四川大学(87)->成都吃客(652)->魁星楼(726)->太古里(1532)->九眼桥(3730)->宽窄巷子(5096)->成都大熊猫繁育研究基地(5481)->春熙路(5540)->人民公园(6092)->大慈寺(6278)
2018,最地道【成都】味道，“天府之国”小众秘境美食奇遇记,2018-10-31,https://you.ctrip.com/travels/chengdu104/3746091.html,天府广场(34)->小酒馆(292)->锦里(358)->宽窄巷子(361)->春熙路(367)->成都武侯祠博物馆(1050)->青羊宫(1054)->青城山—都江堰旅游景区(1238)->青城山—都江堰旅游景区(1246)->成都大熊猫繁育研究基地(1257)->成都市西岭雪山景区(1272)->成都杜甫草堂博物馆(1280)->成都市双流区黄龙溪旅游区(1293)->邛峡市平乐古镇(1308)->东郊记忆(4468)->文殊院(7994)
2018,嗨成都｜独具风情的蜀都蓉城，咫尺天堂的人间烟火,2018-08-28,https://you.ctrip.com/travels/chengdu104/3722446.html,天府广场(358)->春熙路(390)->太古里(399)->九眼桥(409)->IFS(544)->成都远洋太古里(771)->大慈寺(790)->东郊记忆(1291)->梓潼县文昌艺术部落(1967)->宽窄巷子(2266)->钟书阁(2725)->锦里(2786)->步行街(3008)->成都武侯祠博物馆(3032)->人民公园(3261)->奎星楼(4043)->乐山大佛景区(4062)->小酒馆(4626)->成都市西岭雪山景区(4975)->青城山—都江堰旅游景区(4984)->天台山风景名胜区(4988)
2018,成都美食丨慵懒中的无辣不欢,2018-12-10,https://you.ctrip.com/travels/chengdu104/3758459.html,天府广场(36)->宽窄巷子(331)->九眼桥(336)->太古里(684)->人民公园(1187)->成都吃客(1833)->春熙路(3131)
2018,和我到成都的街头走一走【附上美食推荐】,2018-11-21,https://you.ctrip.com/travels/chengdu104/3752956.html,天府广场(36)->小酒馆(176)->成都吃客(424)->宽窄巷子(429)->人民公园(434)->太古里(455)->春熙路(486)->IFS(490)->九眼桥(507)->成都远洋太古里(1383)->大慈寺(1999)->鹤鸣茶社(3509)->锦里(7171)->成都武侯祠博物馆(7174)
2018,成都，我想在这个城市的街头走一走,2018-07-19,https://you.ctrip.com/travels/chengdu104/3704112.html,天府广场(36)->锦里(217)->人民公园(220)->东郊记忆(225)->九眼桥(1964)->小酒馆(2016)->文殊院(2589)->宽窄巷子(2625)->春熙路(2630)
2018,去成都街头走一走，带你吃遍成都各种美食,2018-11-07,https://you.ctrip.com/travels/chengdu104/3748174.html,天府广场(411)->乐山大佛景区(612)->峨眉山风景名胜区(615)->宽窄巷子(1138)->太古里(2142)->大慈寺(2435)->成都吃客(2930)->春熙路(4597)->成都杜甫草堂博物馆(6864)
2018,广州吃货游成都，带你品尝最正宗的成都味道,2018-11-22,https://you.ctrip.com/travels/chengdu104/3752689.html,太古里(1094)->IFS(1418)->春熙路(1518)->步行街(1521)->大慈寺(2294)->成都吃客(2755)->宽窄巷子(3559)->浣花溪(4913)->成都杜甫草堂博物馆(4918)->锦里(5951)
2018,成都，带不走的还有美食,2018-10-23,https://you.ctrip.com/travels/chengdu104/3742423.html,太古里(220)->东郊记忆(227)->成都武侯祠博物馆(238)->文殊院(242)->锦里(246)->青羊宫(268)->白坪一飞龙旅游区(851)->成都吃客(1630)->宽窄巷子(1655)->魁星楼(1661)->九眼桥(1992)->春熙路(1998)->鹤鸣茶社(2002)->小酒馆(4055)->洞子口张老二凉粉(6684)
2018,成都最火美食之旅：一周7天不重样，带你吃遍成都“网红”餐厅！,2018-08-07,https://you.ctrip.com/travels/chengdu104/3713973.html,太古里(277)->春熙路(332)->成都吃客(4381)->奎星楼(4418)->宽窄巷子(4426)->九眼桥(6402)
2018,带着爸妈去旅行，享受成都慢生活,2018-11-29,https://you.ctrip.com/travels/chengdu104/3751806.html,太古里(284)->人民公园(991)->重庆南岸南山桃花园景区(1381)->鹤鸣茶社(1821)->宽窄巷子(2452)->春熙路(3014)->步行街(3271)->锦里(4372)->四川博物院(5608)->青羊宫(6592)->文殊院(6788)->天府广场(8775)->九眼桥(8850)->成都吃客(8931)->小酒馆(11975)
2018,重返奥陶纪，遇见全新的2.0梦幻升级版,2018-10-22,https://you.ctrip.com/travels/chongqing158/3742380.html,奥陶纪(16)->重庆洪崖洞民俗风貌区(138)->重庆万盛黑山谷景区(2465)
2018,网红重庆还有很多值得一去的避暑目的地看了这篇会有不一样的收获,2018-08-10,https://you.ctrip.com/travels/chongqing158/3714260.html,奥陶纪(316)->重庆万盛黑山谷景区(716)->重庆磁器口古镇(6456)->解放碑(7150)->重庆人民大礼堂及人民广场(7156)->重庆湖广会馆(7162)->白公馆(7167)->渣滓洞(7171)->步行街(8468)->重庆观音桥商圈都市旅游区(8498)->洋人街(8543)->重庆鹅岭公园(8607)->重庆南岸南山桃花园景区(8612)->重庆南山植物园(8623)
2018,世界上最长的天空悬廊，居然在国内的这个网红城市,2018-07-23,https://you.ctrip.com/travels/chongqing158/3705782.html,奥陶纪(4)->重庆云阳龙缸景区(837)
2018,面面旅拍--最熟悉的城市，最心动的画面，用一年的探索致敬我的家乡重庆,2018-12-20,https://you.ctrip.com/travels/chongqing158/3761194.html,奥陶纪(567)->重庆万盛黑山谷景区(1875)->重庆乐和乐都景区(2268)->重庆动物园(2304)->解放碑(2713)->朝天门(3378)->来福士(3388)->重庆自然博物馆(3490)->重庆缙云山景区(4094)->北仓文创园(5248)->重庆观音桥商圈都市旅游区(5491)->重庆南岸南山桃花园景区(5514)->重庆抗战遗址博物馆(5588)->重庆鹅岭公园(6215)->二厂(6217)->重庆南岸长嘉汇弹子石老街(6485)->重庆华生园金色蛋糕梦幻王国景区(6703)->重庆渝北龙兴古镇景区(7069)->枇杷山(7229)->重庆南滨路景区(7679)->重庆铁山坪森林公园(7960)->重庆巴南丰盛古镇(8534)->重庆海石公园(8893)->乐山大佛景区(8915)->重庆大学(8972)->重庆渝北印盒李花生态旅游区(9173)->仁寿城市湿地公园(10103)->步行街(10251)->重庆统景温泉风景区(10696)->嘉陵江(10850)->白公馆(11420)->渣滓洞(11423)->重庆南山植物园(11843)->佛图关公园(12282)
2018,重庆这些地方可以耍雪了，美翻你的朋友圈～,2018-12-11,https://you.ctrip.com/travels/chongqing158/3758718.html,奥陶纪(60)->重庆南川金佛山景区(1011)->重庆开州温泉仙女洞(1655)
2018,恭喜你，喜提重庆龙里养眼避暑指南,2018-09-01,https://you.ctrip.com/travels/chongqing158/3724430.html,奥陶纪(710)->嘉陵江(1173)->重庆南岸南山桃花园景区(1296)->重庆长江索道景区(1303)->解放碑(1351)->重庆观音桥商圈都市旅游区(1355)->重庆大足石刻景区(1396)->李子坝(1769)->重庆洪崖洞民俗风貌区(2895)->重庆南滨路景区(2907)->重庆磁器口古镇(8197)->南山一棵树(8496)
2018,乐山乐水，川黔桂自驾游,2018-11-04,https://you.ctrip.com/travels/guilin28/3747123.html,宜宾市蜀南竹海风景名胜区(27)->五粮液旅游景区(292)->宜宾市李庄古镇(298)->滨江路(991)
2018,回家的路，唯有美食不可辜负,2018-09-13,https://you.ctrip.com/travels/gaoxian1446231/3728380.html,宜宾高县胜天红岩山旅游景区(1410)->翠屏区翠屏山景区(4917)->宜宾市李庄古镇(4921)->宜宾市蜀南竹海风景名胜区(4959)
2018,成都带不走的并不只有你美食+美景一刻都不能停留,2018-11-06,https://you.ctrip.com/travels/sichuan100009/3747626.html,宽窄巷子(159)->大慈寺(262)->文殊院(266)->成都武侯祠博物馆(502)->成都大熊猫繁育研究基地(897)->邛峡市平乐古镇(1380)->成都吃客(2318)->春熙路(2699)->太古里(3204)
2018,【成都周末游】古城印象，自由锦官城,2018-11-04,https://you.ctrip.com/travels/chengdu104/3747472.html,宽窄巷子(181)->人民公园(186)->成都杜甫草堂博物馆(191)->天府广场(1058)->春熙路(1826)->锦里(1836)->鹤鸣茶社(3145)->成都武侯祠博物馆(3711)
2018,一场“说走就走”的成都之旅，我用三天时间带你感受“多面成都”！,2018-08-12,https://you.ctrip.com/travels/chengdu104/3715986.html,宽窄巷子(1890)->太古里(4766)->九眼桥(4833)->四川博物院(5179)->人民公园(5284)
2018,【成都】天府有芙蓉，网红美食享不停,2018-09-25,https://you.ctrip.com/travels/chengdu104/3732493.html,宽窄巷子(193)->青羊宫(198)->成都武侯祠博物馆(1021)->成都杜甫草堂博物馆(1025)->大慈寺(3321)->文殊院(3325)->琴台故径(5157)
2018,【成都】所有的乡愁，都是因为馋,2018-09-10,https://you.ctrip.com/travels/chengdu104/3727032.html,宽窄巷子(2347)->锦里(4989)
2018,打卡成都那些不可错过的美景与美食,2018-11-20,https://you.ctrip.com/travels/chengdu104/3752297.html,宽窄巷子(277)->春熙路(284)->九眼桥(355)->锦里(363)->重庆动物园(1917)->步行街(3289)->成都武侯祠博物馆(3295)->浣花溪(4347)->重庆涪陵巴山夜雨休闲旅游区(4354)
2018,十一国庆去哪儿玩？成都的游玩攻略和美食地图都已备好，拿走不谢,2018-09-26,https://you.ctrip.com/travels/chengdu104/3733010.html,宽窄巷子(285)->大慈寺(389)->文殊院(393)->成都大熊猫繁育研究基地(620)->人民公园(983)->锦里(1366)->成都武侯祠博物馆(1400)->成都杜甫草堂博物馆(1642)->春熙路(1825)->步行街(1853)->解放碑(1863)->太古里(1994)->IFS(1998)->青城山—都江堰旅游景区(2262)->青城山—都江堰旅游景区(2266)->乐山大佛景区(2270)->成都吃客(2447)->九眼桥(4707)
2018,四川精品七日全自由行,2018-09-25,https://you.ctrip.com/travels/chengdu104/3689569.html,宽窄巷子(37)->人民公园(41)->四川大学(90)->峨眉山风景名胜区(348)->乐山大佛景区(362)->青城山—都江堰旅游景区(381)->青城山—都江堰旅游景区(386)->资阳乐至龙门报国寺(3141)->宝瓶口(3795)->兰桂坊(4148)->九眼桥(4181)->重庆动物园(4341)->大熊猫月亮产房(5051)->鹤鸣茶社(5500)
2018,跟着大爷游成都,2018-02-04,https://you.ctrip.com/travels/chengdu104/3102580.html,宽窄巷子(399)->成都武侯祠博物馆(1147)->锦里(1151)->春熙路(1609)->乐山大佛景区(2385)->峨眉山风景名胜区(2388)->资阳乐至龙门报国寺(3052)->成都杜甫草堂博物馆(4326)->成都金沙遗址博物馆(4832)->四川广汉三星堆博物馆(4906)->青城山—都江堰旅游景区(5138)
2018,又一次10天的长途旅行：气势磅礴的西安--秀美古朴的成都--高大独特的重庆！,2018-08-24,https://you.ctrip.com/travels/chengdu104/3719564.html,宽窄巷子(4064)->人民公园(4069)->成都杜甫草堂博物馆(5206)->青城山—都江堰旅游景区(5642)->乐山大佛景区(6322)->春熙路(7084)->太古里(7124)->IFS(7158)->人民大会堂(7405)->重庆观音桥商圈都市旅游区(7597)->重庆磁器口古镇(7920)->重庆长江索道景区(8031)->重庆南滨路景区(8127)->解放碑(8318)->李子坝(8416)->重庆洪崖洞民俗风貌区(8562)
2018,成都好吃好玩全攻略，跟着这篇游记把成都走透透,2018-12-08,https://you.ctrip.com/travels/chengdu104/3758140.html,宽窄巷子(468)->人民公园(473)->春熙路(478)->太古里(482)->文殊院(491)->成都武侯祠博物馆(495)->锦里(499)->小酒馆(502)->成都杜甫草堂博物馆(511)->青羊宫(523)->九眼桥(527)->东郊记忆(539)->天府广场(557)->成都吃客(626)->鹤鸣茶社(1122)->浣花溪(2555)
2018,成都的小众秘境，美食与拍照均不可辜负,2018-10-21,https://you.ctrip.com/travels/chengdu104/3742764.html,宽窄巷子(69)->锦里(105)->东郊记忆(246)->太古里(1927)->人民公园(4235)
2018,2018暑假成都，川西小环线7日游,2018-10-09,https://you.ctrip.com/travels/chengdu104/3702107.html,宽窄巷子(74)->成都武侯祠博物馆(1334)->锦里(1380)->青城山—都江堰旅游景区(1383)->青城山—都江堰旅游景区(1387)->成都金沙遗址博物馆(1406)->成都杜甫草堂博物馆(1411)->四川广汉三星堆博物馆(1416)->宝瓶口(2556)->春熙路(2704)->成都大熊猫繁育研究基地(3230)->重庆动物园(3504)->乐山大佛景区(4977)->峨眉山风景名胜区(4980)->步行街(5844)
2018,【孟夕的图】13末14初一个人飞去成都跨年,2018-05-06,https://you.ctrip.com/travels/chengdu104/1687137.html,宽窄巷子(768)->大慈寺(792)->文殊院(796)->达州市宣汉县观音山森林公园(1593)->锦里(2709)
2018,成都味道有辣有麻有甜有五味调和请一定要带着舌头去旅行,2018-11-23,https://you.ctrip.com/travels/chengdu104/3753196.html,宽窄巷子(814)->太古里(1075)->春熙路(1570)->锦里(1582)->大慈寺(1608)->成都武侯祠博物馆(1612)->人民公园(1616)->四川大学(1634)->成都杜甫草堂博物馆(2362)->宜宾市流杯池公园(2463)->成都吃客(3781)->乐山大佛景区(7622)
2018,成都美食三日大搜索，7家地道老店逛食记!,2018-11-06,https://you.ctrip.com/travels/chengdu104/3747587.html,宽窄巷子(90)->锦里(95)->太古里(98)->春熙路(102)->成都吃客(318)->九眼桥(356)->天府广场(772)->大慈寺(1231)->文殊院(1235)->成都武侯祠博物馆(1537)->奎星楼(2719)->鹤鸣茶社(2794)
2018,夏日成都，静享美食与悠闲,2018-09-09,https://you.ctrip.com/travels/chengdu104/3725454.html,宽窄巷子(935)->锦里(940)->小酒馆(947)->人民公园(1406)->成都大熊猫繁育研究基地(1478)->青城山—都江堰旅游景区(1664)->碧峰峡旅游景区(1671)->重庆动物园(1962)->青城山—都江堰旅游景区(2011)->春熙路(2522)->步行街(2533)->成都远洋太古里(2883)->太古里(2887)->东郊记忆(3048)->奎星楼(3072)->四川博物院(3103)->成都市川菜博物馆(3111)->成都金沙遗址博物馆(3117)->成都欢乐谷(3133)->成都武侯祠博物馆(3173)->成都杜甫草堂博物馆(3177)->成都市双流区黄龙溪旅游区(3189)->邛峡市平乐古镇(3198)->文殊院(3209)->青羊宫(3213)->大慈寺(3217)->九眼桥(3229)->成都市西岭雪山景区(3241)->乐山大佛景区(3274)->峨眉山风景名胜区(3279)->天府广场(4430)->IFS(7454)
2018,『初见世界』总结篇：那些年，我撞进的世界,2018-11-06,https://you.ctrip.com/travels/thailand100021/3747914.html,富顺文庙·西湖景区(590)->重庆磁器口古镇(2053)->重庆洪崖洞民俗风貌区(2056)->重庆长江索道景区(2059)->锦里(4273)->乐山大佛景区(4320)->峨眉山风景名胜区(4323)->青城山—都江堰旅游景区(4327)->青城山—都江堰旅游景区(4331)->重庆南岸南山桃花园景区(4461)
2018,哐哧哐哧【狂吃狂吃】，游走于天府之国的饕餮盛宴,2018-11-26,https://you.ctrip.com/travels/chengdu104/3753797.html,小酒馆(124)->太古里(617)->宽窄巷子(647)->东郊记忆(686)->成都吃客(716)->春熙路(1566)->大慈寺(1973)->成都大熊猫繁育研究基地(3630)->九眼桥(5507)
2018,成都慢慢逛，让一切就这么住进记忆里,2018-12-07,https://you.ctrip.com/travels/chengdu104/3757417.html,小酒馆(171)->成都杜甫草堂博物馆(535)->成都武侯祠博物馆(546)->九眼桥(561)->大慈寺(769)->太古里(889)->宽窄巷子(2205)->文殊院(2342)->天府广场(4054)->刘氏庄园旅游区(5838)->邛峡市平乐古镇(5846)->成都市西岭雪山景区(5853)->成都吃客(5874)->魁星楼(6099)->春熙路(8737)
2018,【食在锦城】成都网红小众玩法打卡地，附美食+拍照攻略,2018-10-24,https://you.ctrip.com/travels/chengdu104/3744040.html,小酒馆(174)->锦里(236)->宽窄巷子(239)->春熙路(245)->成都吃客(1755)->东郊记忆(2907)->四川博物院(5438)->天府广场(5722)->四川省图书馆(5737)->四川美术馆(5744)->四川美术学院(5745)->文殊院(8702)->IFS(10401)->步行街(10519)->解放碑(10536)->大慈寺(10650)->太古里(10655)
2018,四川|成都小众景点及网红美食攻略，以正确的方式打开成都【第二集】,2018-09-10,https://you.ctrip.com/travels/chengdu104/3727177.html,小酒馆(176)->宽窄巷子(827)->九眼桥(1594)->兰桂坊(2388)->安顺廊桥(2489)->春熙路(3166)->太古里(3169)->IFS(3640)->锦里(3997)->文殊院(4077)->重庆磁器口古镇(4160)->成都大熊猫繁育研究基地(4865)->重庆动物园(4964)->大慈寺(5687)->成都吃客(6571)->魁星楼(6656)
2018,逛吃成都，那些你知道的不知道的成都味儿,2018-11-18,https://you.ctrip.com/travels/chengdu104/3751718.html,小酒馆(184)->宽窄巷子(192)->春熙路(197)->四川博物院(1244)->成都杜甫草堂博物馆(1267)->成都金沙遗址博物馆(1355)->青羊宫(1895)->浣花溪(2876)->锦里(4035)->成都武侯祠博物馆(4043)->大慈寺(4698)->太古里(4770)->人民公园(5862)->鹤鸣茶社(5999)->成都吃客(7653)
2018,佛系小仙女带你游成都，四天三晚吃遍各大小吃,2018-11-30,https://you.ctrip.com/travels/chengdu104/3755552.html,小酒馆(19)->春熙路(273)->太古里(276)->IFS(383)->成都远洋太古里(680)->宽窄巷子(707)->成都吃客(726)->成都大熊猫繁育研究基地(731)->锦里(760)->人民公园(2433)->奎星楼(3391)->成都大熊猫繁育研究基地(3833)->成都武侯祠博物馆(4992)
2018,秋日成都，网红美食和必打卡拍照地,2018-11-28,https://you.ctrip.com/travels/chengdu104/3754307.html,小酒馆(23)->宽窄巷子(400)->大慈寺(1389)->太古里(1474)->春熙路(1966)->青羊宫(2557)
2018,国庆长假去成都，不要再去宽窄巷子和锦里挤，本地人带你吃遍成都,2018-09-28,https://you.ctrip.com/travels/chengdu104/3733774.html,小酒馆(242)->成都吃客(861)->太古里(1673)->乐山大佛景区(2110)
2018,成都，你好，初次见面，我来自江苏！,2018-12-26,https://you.ctrip.com/travels/chengdu104/3763066.html,小酒馆(245)->文殊院(544)->成都武侯祠博物馆(548)->宽窄巷子(682)->成都吃客(712)->太古里(839)->成都金沙遗址博物馆(897)->锦里(920)->春熙路(971)->IFS(1398)->四川广汉三星堆博物馆(2397)->大慈寺(2984)->洞子口张老二凉粉(7648)
2018,成都，一个重庆妹纸的美食天堂,2018-10-30,https://you.ctrip.com/travels/chengdu104/3746257.html,小酒馆(25)->春熙路(28)->太古里(38)->成都远洋太古里(61)->宽窄巷子(286)->锦里(291)->人民公园(712)->文殊院(848)->成都吃客(1417)->四川大学(5543)->鹤鸣茶社(6615)
2018,走街串巷寻美食，闲庭信步看云海|成都浮云牧场5日休闲之旅,2018-08-17,https://you.ctrip.com/travels/chengdu104/3718401.html,小酒馆(452)->东郊记忆(510)->重庆鹅岭公园(670)->二厂(672)->宽窄巷子(3509)->锦里(4686)->太古里(6271)->人民公园(6921)->鹤鸣茶社(7027)->大慈寺(7360)->成都吃客(10686)->魁星楼(10744)
2018,成都的街头，不只有小酒馆,2018-07-23,https://you.ctrip.com/travels/chengdu104/3705787.html,小酒馆(66)->宽窄巷子(172)->锦里(177)->文殊院(241)->太古里(252)->IFS(346)->九眼桥(543)->成都武侯祠博物馆(712)->春熙路(1853)->成都大熊猫繁育研究基地(2579)->重庆动物园(3099)->成都金沙遗址博物馆(4010)
2018,最成都丨和我在成都的街头走一走,2018-11-22,https://you.ctrip.com/travels/chengdu104/3752721.html,小酒馆(66)->宽窄巷子(545)->大慈寺(1484)->太古里(1551)->东郊记忆(3347)->奎星楼(3923)
2018,八千里路云和月，只为找寻拉萨街头最美的情郎！,2018-08-21,https://you.ctrip.com/travels/daocheng342/3715822.html,小酒馆(785)->草海(822)->澜沧江(971)->步行街(9923)
2018,春游丹霞访(川黔)古镇,2018-02-05,https://you.ctrip.com/travels/luzhou604/2339873.html,尧坝古镇(731)->重庆江津清源宫景区(6358)
2018,四川|成都小众景点及网红美食攻略，以正确的方式打开成都【第一集】,2018-09-06,https://you.ctrip.com/travels/chengdu104/3726136.html,峨眉山风景名胜区(257)->重庆人民大礼堂及人民广场(278)->春熙路(555)->太古里(558)->宽窄巷子(563)->锦里(1849)->小酒馆(4821)->解放碑(5274)->IFS(5617)->兰桂坊(10900)->九眼桥(10904)->成都武侯祠博物馆(10933)
2018,成都到峨眉山，带不走的只有你，体验天府那一段闲适,2018-12-07,https://you.ctrip.com/travels/chengdu104/3757432.html,峨眉山风景名胜区(27)->春熙路(363)->太古里(367)->大慈寺(371)->人民公园(380)->文殊院(421)->宽窄巷子(425)->天府广场(444)->成都武侯祠博物馆(454)->锦里(458)->九眼桥(1317)->乐山大佛景区(2041)->重庆丰都名山风景区(2064)->步行街(2316)
2018,峨眉山自驾游最强攻略,2018-12-03,https://you.ctrip.com/travels/emeishan24/3756548.html,峨眉山风景名胜区(27)->资阳乐至龙门报国寺(320)->重庆丰都名山风景区(696)
2018,蜀——成都重庆10日游,2018-07-31,https://you.ctrip.com/travels/chengdu104/3641380.html,建川博物馆(188)->宽窄巷子(206)->锦里(211)->成都武侯祠博物馆(214)->乐山大佛景区(222)->成都金沙遗址博物馆(227)->川剧院(249)->重庆洪崖洞民俗风貌区(253)->李子坝(257)->白公馆(264)->渣滓洞(268)->成都杜甫草堂博物馆(1010)->峨眉山风景名胜区(1062)->青城山—都江堰旅游景区(1081)->青城山—都江堰旅游景区(1085)->成都市双流区黄龙溪旅游区(1097)->重庆长江索道景区(1167)->成都大熊猫繁育研究基地(4088)
2018,像当地人生活一样去旅行，我的成都之旅带给你不一样的天府之国！,2018-08-18,https://you.ctrip.com/travels/chengdu104/3718976.html,成都吃客(1042)->奎星楼(1047)->九眼桥(2400)->太古里(3402)->宽窄巷子(4969)->四川博物院(5086)->人民公园(5191)
2018,秋韵成都，大街小巷的美食生活,2018-12-20,https://you.ctrip.com/travels/chengdu104/3761421.html,成都吃客(112)->奎星楼(121)->人民公园(727)->宽窄巷子(770)->天府广场(775)->鹤鸣茶社(1021)->青城山—都江堰旅游景区(1975)->成都武侯祠博物馆(1979)->成都杜甫草堂博物馆(1983)->锦里(1993)->青羊宫(1996)->太古里(2758)->春熙路(2780)->大慈寺(4162)->成都金沙遗址博物馆(4565)->文殊院(4948)
2018,3天2夜打卡成都8家网红店，如何做到每天吃到不重样。,2018-08-13,https://you.ctrip.com/travels/chengdu104/3716407.html,成都吃客(121)->奎星楼(483)->宽窄巷子(491)->太古里(986)->春熙路(1036)->九眼桥(2870)
2018,成都归来不怕辣日与夜都在舌尖翻滚的刺激滋味,2018-11-26,https://you.ctrip.com/travels/chengdu104/3753713.html,成都吃客(131)->锦里(168)->九眼桥(208)->太古里(240)->人民公园(249)->奎星楼(589)->春熙路(1629)->小酒馆(2104)->鹤鸣茶社(3558)->成都远洋太古里(4003)
2018,风味成都|4天3夜从早吃到晚，餐餐不重样！,2018-11-27,https://you.ctrip.com/travels/chengdu104/3754539.html,成都吃客(137)->魁星楼(216)->人民公园(3228)->鹤鸣茶社(3336)->锦里(3484)->小酒馆(3716)->成都大熊猫繁育研究基地(3944)
2018,成都美食第二辑，那些私藏的网红店与苍蝇馆子,2018-08-22,https://you.ctrip.com/travels/chengdu104/3720339.html,成都吃客(148)->宽窄巷子(156)->奎星楼(194)->东郊记忆(1218)->太古里(1799)->乐山大佛景区(2709)->峨眉山风景名胜区(3154)->春熙路(4940)
2018,国庆去美食的天堂成都，一次性把成都美食吃个过瘾,2018-10-04,https://you.ctrip.com/travels/chengdu104/3735322.html,成都吃客(172)->春熙路(882)->太古里(1132)->大慈寺(1154)->文殊院(5012)->天府广场(5417)
2018,食在天府之都，两天一晚享受香辣饕餮大宴,2018-12-07,https://you.ctrip.com/travels/chengdu104/3757316.html,成都吃客(211)->锦里(228)->成都杜甫草堂博物馆(246)->太古里(262)->成都武侯祠博物馆(329)->宽窄巷子(835)->春熙路(840)->浣花溪(2697)->小酒馆(4763)
2018,舌尖上的成都|寻觅美食的旅途中，有美景，还有你,2018-11-21,https://you.ctrip.com/travels/chengdu104/3752842.html,成都吃客(257)->东郊记忆(1508)->四川大学(2713)->人民公园(3764)->鹤鸣茶社(3923)->宽窄巷子(4252)->九眼桥(5288)->大慈寺(6157)->太古里(6174)->春熙路(6178)->IFS(6984)
2018,吃货眼中的成都，这是一座适合生活的城市,2018-11-16,https://you.ctrip.com/travels/chengdu104/3751634.html,成都吃客(286)->宽窄巷子(350)->青羊宫(355)->洛带古镇(371)->成都大熊猫繁育研究基地(575)->重庆动物园(607)->兰桂坊(940)->太古里(992)->安顺廊桥(1054)->大慈寺(4824)->文殊院(4828)->小酒馆(6641)
2018,“少不入川，老不出蜀”，亲测所言不假【4天3晚成都游】,2018-11-02,https://you.ctrip.com/travels/chengdu104/3747142.html,成都吃客(318)->望丛祠(356)->九眼桥(392)->人民公园(1501)->奎星楼(4901)->滨江路(5005)->太古里(5901)->春熙路(6342)->小酒馆(7229)
2018,吃货的成都地图，有没有试过因美食爱上一座城市？,2018-12-18,https://you.ctrip.com/travels/chengdu104/3761040.html,成都吃客(335)->大慈寺(1622)->太古里(1645)->春熙路(1730)->步行街(1733)->九眼桥(2912)->宽窄巷子(3937)->成都武侯祠博物馆(6010)->锦里(6038)
2018,初冬游川西，美景如画。一次从吃遍成都开始的旅行,2018-12-13,https://you.ctrip.com/travels/chengdu104/3759443.html,成都吃客(3427)->太古里(4156)->遂宁市中国死海旅游度假区(4390)->九眼桥(5645)
2018,私藏成都，一个伪当地人的不完全美食攻略,2018-10-22,https://you.ctrip.com/travels/chengdu104/3742490.html,成都吃客(384)->太古里(646)->奎星楼(1961)->九眼桥(2107)->小酒馆(4464)->春熙路(5736)->成都远洋太古里(5794)->大慈寺(5829)->IFS(6309)->步行街(6600)->宽窄巷子(6847)->文殊院(7023)
2018,成都篇|小吃货跟我走，我们去找蓝朋友~,2018-10-31,https://you.ctrip.com/travels/chengdu104/3746288.html,成都吃客(4131)->太古里(6784)->锦里(7405)->宽窄巷子(7408)
2018,以美食之名，探访新旧成都，这个周末我们去成都过！,2018-12-31,https://you.ctrip.com/travels/chengdu104/3764118.html,成都吃客(419)->太古里(978)->IFS(988)->大慈寺(1057)->春熙路(2140)->九眼桥(3055)->小酒馆(3179)
2018,【我眼中的那座城】慢游成都，原来天府之城这么好吃！,2018-11-17,https://you.ctrip.com/travels/chengdu104/3751615.html,成都吃客(498)->四川大学(510)->九眼桥(531)->成都武侯祠博物馆(567)->锦里(571)->太古里(626)->宽窄巷子(636)->春熙路(641)->兰桂坊(3210)->小酒馆(3917)->步行街(7105)->大慈寺(7275)
2018,成都二环美食图鉴,2018-10-29,https://you.ctrip.com/travels/chengdu104/3745114.html,成都吃客(498)->春熙路(515)->太古里(531)->九眼桥(557)->宽窄巷子(1708)->魁星楼(1715)
2018,吃货游成都，带你打卡成都必吃餐厅,2018-11-26,https://you.ctrip.com/travels/chengdu104/3753717.html,成都吃客(86)->文殊院(384)->宽窄巷子(3444)->春熙路(3594)->太古里(3633)->成都杜甫草堂博物馆(4850)->锦里(5398)->成都武侯祠博物馆(5430)
2018,48小时游成都，吃遍5家蜀都爆火的网红餐厅,2018-12-12,https://you.ctrip.com/travels/chengdu104/3759093.html,成都吃客(866)->东郊记忆(918)->乐山大佛景区(1472)->春熙路(2527)->太古里(2530)->大慈寺(3752)->锦里(4013)->宽窄巷子(4016)->成都杜甫草堂博物馆(4485)->奎星楼(6245)
2018,吃喝玩乐在蓉城给您奉上一份实用攻略,2018-12-28,https://you.ctrip.com/travels/chengdu104/3763524.html,成都大熊猫繁育研究基地(169)->成都武侯祠博物馆(640)->锦里(769)->成都杜甫草堂博物馆(1275)->浣花溪(1300)->人民公园(1614)->宽窄巷子(1959)->大慈寺(2042)->文殊院(2046)->太古里(2824)->春熙路(2866)->成都吃客(3983)
2018,成都不完全攻略，耍起来，嗨起来！,2018-12-21,https://you.ctrip.com/travels/chengdu104/3761852.html,成都大熊猫繁育研究基地(173)->大慈寺(992)->太古里(1137)->锦里(1261)->成都武侯祠博物馆(1296)->成都吃客(3155)
2018,3日游|随着歌声去寻找不一样的夏日味道,2018-07-21,https://you.ctrip.com/travels/chengdu104/3705258.html,成都大熊猫繁育研究基地(432)->重庆动物园(623)->文殊院(4351)->四川广汉三星堆博物馆(4355)->成都市崇州元通古镇景区(6805)->太古里(6810)->春熙路(7730)->重庆潼南大佛寺(7902)
2018,吃火锅看大熊猫，用最游客的方式打开成都,2018-10-10,https://you.ctrip.com/travels/chengdu104/3737847.html,成都大熊猫繁育研究基地(603)->成都武侯祠博物馆(619)->锦里(623)->宽窄巷子(742)->春熙路(2092)->太古里(2095)
2018,寻味成都，一个吃货的成都通关秘籍,2018-12-13,https://you.ctrip.com/travels/chengdu104/3759452.html,成都大熊猫繁育研究基地(96)->大熊猫月亮产房(337)->成都武侯祠博物馆(674)->锦里(787)->成都杜甫草堂博物馆(1012)->宽窄巷子(1395)->大慈寺(1493)->文殊院(1497)->春熙路(1733)->成都吃客(2017)->九眼桥(2204)->小酒馆(3487)->太古里(3935)
2018,阿坝秋季有什么好地方观赏红叶彩林推荐地,2018-09-11,https://you.ctrip.com/travels/aba744/3727613.html,成都市西岭雪山景区(310)->乐山大佛景区(683)->峨眉山风景名胜区(686)->草海(1141)->重庆观音桥商圈都市旅游区(2218)->青城山—都江堰旅游景区(3567)->青城山—都江堰旅游景区(3658)
2018,【成都】草堂何处寻，成都美食记,2018-10-12,https://you.ctrip.com/travels/chengdu104/3738682.html,成都杜甫草堂博物馆(134)->浣花溪(139)->洛带古镇(143)->成都吃客(233)->太古里(264)->春熙路(350)->小酒馆(5087)->乐山大佛景区(5510)->宽窄巷子(7814)
2018,成都太多美食美景怎么选择才地道？成都土著给你简单介绍了解一下,2018-08-29,https://you.ctrip.com/travels/chengdu104/3722530.html,成都杜甫草堂博物馆(290)->浣花溪(1265)->成都吃客(2110)->奎星楼(2121)->九眼桥(2197)->太古里(4393)->春熙路(5231)
2018,四川|成都三日游完整行程攻略，小众景点和网红美食一个都不错过【第二集】,2018-10-23,https://you.ctrip.com/travels/chengdu104/3743536.html,成都杜甫草堂博物馆(328)->东郊记忆(341)->人民公园(355)->天府广场(360)->鹤鸣茶社(530)->太古里(543)->大慈寺(547)->IFS(686)->春熙路(696)->宽窄巷子(709)->解放碑(5569)->重庆磁器口古镇(6912)->成都吃客(7666)->魁星楼(7757)
2018,入蜀记,2018-08-26,https://you.ctrip.com/travels/chengdu104/3721364.html,成都杜甫草堂博物馆(778)->成都武侯祠博物馆(1031)->锦里(1037)->成都大熊猫繁育研究基地(1183)->四川广汉三星堆博物馆(1425)->峨眉山风景名胜区(2649)->乐山大佛景区(3709)->宽窄巷子(7302)->文殊院(7526)->青城山—都江堰旅游景区(7692)->青城山—都江堰旅游景区(7718)->宝瓶口(7871)
2018,成都篇|美食和美景我都有，你会留下来吗？,2018-10-29,https://you.ctrip.com/travels/chengdu104/3744279.html,成都武侯祠博物馆(1099)->宽窄巷子(1103)->太古里(1136)->锦里(1140)->春熙路(1143)->东郊记忆(1180)
2018,【成都】武候祠祭古，芙蓉城品味,2018-10-20,https://you.ctrip.com/travels/chengdu104/3742541.html,成都武侯祠博物馆(145)->文殊院(153)->天府广场(1153)->四川省图书馆(1162)->九眼桥(2289)->四川大学(2388)->青羊宫(3032)->太古里(5514)
2018,三国文化游路线：广元昭化-剑阁剑门关-成都-重庆,2018-12-18,https://you.ctrip.com/travels/guangyuan593/3760592.html,成都武侯祠博物馆(1572)->锦里(1609)->宽窄巷子(1643)
2018,【成都】好雨知时节，花重锦官城,2018-11-14,https://you.ctrip.com/travels/chengdu104/3750807.html,成都武侯祠博物馆(168)->春熙路(176)->四川省图书馆(1016)->九眼桥(1839)->成都吃客(3877)->成都杜甫草堂博物馆(4266)->天府广场(5620)
2018,找一座城|遇见不一样的天府之城（美食探店+景点打卡）,2018-11-28,https://you.ctrip.com/travels/chengdu104/3754749.html,成都武侯祠博物馆(208)->太古里(845)->解放碑(3750)->重庆洪崖洞民俗风貌区(3756)->日月光中心广场(4080)->重庆长江索道景区(4445)->重庆南滨路景区(4502)->朝天门(4707)->重庆南岸南山桃花园景区(4902)->滨江路(4959)->大慈寺(5577)->九眼桥(6131)->文殊院(6640)->洞子口张老二凉粉(6779)->成都大熊猫繁育研究基地(7204)->大熊猫月亮产房(7496)->重庆湖广会馆(9242)->李子坝(9248)->嘉陵江(9468)
2018,穿古越今的成都四日，心心念念的竹影红墙。,2018-08-01,https://you.ctrip.com/travels/chengdu104/3708909.html,成都武侯祠博物馆(249)->锦里(297)->太古里(300)->青城山—都江堰旅游景区(312)->人民公园(320)->鹤鸣茶社(325)->宽窄巷子(331)->天府广场(547)->成都杜甫草堂博物馆(673)->浣花溪(965)->内江市隆昌县石牌坊旅游区(2514)->大慈寺(3447)->宝瓶口(3763)->伏龙观(3883)->灌县古城(3930)->富顺文庙·西湖景区(4555)
2018,四天三夜的成都美食之旅，吃货必备的法宝,2018-11-20,https://you.ctrip.com/travels/chengdu104/3752406.html,成都武侯祠博物馆(296)->锦里(300)->九眼桥(305)->人民公园(311)->成都大熊猫繁育研究基地(322)->成都吃客(912)->太古里(4408)->春熙路(4842)->鹤鸣茶社(5100)->宽窄巷子(5340)->步行街(5449)
2018,食“摄”成都—让我依依不舍的，还有成都的辣,2018-07-20,https://you.ctrip.com/travels/chengdu104/3704754.html,成都武侯祠博物馆(359)->成都杜甫草堂博物馆(363)->锦里(368)->宽窄巷子(371)->春熙路(377)->青城山—都江堰旅游景区(382)->成都市双流区黄龙溪旅游区(388)->太古里(6845)
2018,2018年9月记剑阁（剑门关）-昭化-成都-都江堰游记,2018-09-14,https://you.ctrip.com/travels/chengdu104/3728708.html,成都武侯祠博物馆(3895)->成都杜甫草堂博物馆(4050)->锦里(4061)->宽窄巷子(4064)->青城山—都江堰旅游景区(4241)->宝瓶口(4258)
2018,背包客川西猎色记：我在藏区自由行的十三个日日夜夜,2018-11-06,https://you.ctrip.com/travels/daocheng342/3747813.html,成都武侯祠博物馆(434)->锦里(440)->步行街(3571)
2018,#国家宝藏#【重庆、成都、九寨沟、丽江】一场古典风情与舌尖美食的碰撞（7天6晚放肆游）,2018-08-09,https://you.ctrip.com/travels/chengdu104/3714863.html,成都武侯祠博物馆(460)->锦里(470)->宽窄巷子(477)->成都大熊猫繁育研究基地(1106)->成都山玫瑰谷(1983)->南溪区长江第一湾景区(6190)
2018,慢游成都三日，体验老川渝的巴适生活——畅谈成都漫游记,2018-12-28,https://you.ctrip.com/travels/chengdu104/3763595.html,成都武侯祠博物馆(633)->锦里(1368)->宽窄巷子(1861)->成都杜甫草堂博物馆(2340)->四川美术学院(2571)
2018,吃货夫妻结婚2周年，逛吃逛吃游成都，3天花了5600~,2018-11-13,https://you.ctrip.com/travels/chengdu104/3750472.html,成都环球中心(32)->九眼桥(74)->小酒馆(221)->成都吃客(317)->春熙路(323)->太古里(328)->四川博物院(385)->宽窄巷子(404)->大慈寺(417)->天府广场(422)->成都大熊猫繁育研究基地(593)->成都武侯祠博物馆(661)->遂宁市龙凤景区(1900)->IFS(1942)
2018,成都，带不走的麻辣鲜香，留在胃里的滋味无穷,2018-12-16,https://you.ctrip.com/travels/chengdu104/3760116.html,成都远洋太古里(879)->太古里(883)->大慈寺(946)->成都吃客(3244)
2018,网红成都的正确打开方式,2018-10-08,https://you.ctrip.com/travels/chengdu104/3736527.html,成都金沙遗址博物馆(202)->青城山—都江堰旅游景区(208)->青城山—都江堰旅游景区(213)->成都武侯祠博物馆(218)->成都杜甫草堂博物馆(222)->宽窄巷子(250)->锦里(255)->天府广场(293)->人民公园(298)->九眼桥(1127)->太古里(2511)->春熙路(2605)->大慈寺(2630)->IFS(3377)
2018,吃与玩|隔着屏幕，我们都能闻见一个飘香的成都,2018-09-15,https://you.ctrip.com/travels/chengdu104/3728919.html,成都金沙遗址博物馆(50)->青城山—都江堰旅游景区(67)->成都武侯祠博物馆(72)->成都杜甫草堂博物馆(77)->九眼桥(478)->锦里(484)->青羊宫(489)->四川博物院(495)->成都吃客(541)->春熙路(559)->太古里(575)->宽窄巷子(708)->文殊院(753)->人民公园(1670)->小酒馆(4350)->乐山大佛景区(5120)
2018,广元昭化古城旅游最强攻略（小田木作品）,2018-11-14,https://you.ctrip.com/travels/guangyuan593/2441243.html,文庙(606)->嘉陵江(937)->内江市隆昌县石牌坊旅游区(13108)->绵阳市江油窦圌山风景区(16231)->九皇山(16235)->绵阳市仙海旅游景区(16253)
2018,为辣而来，成都是朝朝暮暮，打卡成功,2018-12-29,https://you.ctrip.com/travels/chengdu104/3760229.html,文殊院(191)->太古里(195)->大慈寺(199)->春熙路(208)->IFS(211)->成都吃客(215)->人民公园(237)->宽窄巷子(242)->成都杜甫草堂博物馆(268)->锦里(273)->青羊宫(276)->成都武侯祠博物馆(280)->成都远洋太古里(926)->成都大熊猫繁育研究基地(3713)->大熊猫月亮产房(3898)->成都大熊猫繁育研究基地(4174)->浣花溪(5652)->步行街(7899)->小酒馆(11610)->九眼桥(11651)
2018,享受成都慢生活，跟本地土著逛吃逛吃看人文成都,2018-11-30,https://you.ctrip.com/travels/chengdu104/3755256.html,春熙路(119)->锦里(123)->宽窄巷子(126)->小酒馆(246)->人民公园(549)->东郊记忆(2114)->文殊院(2951)->成都杜甫草堂博物馆(2986)->成都武侯祠博物馆(5397)->成都市双流区黄龙溪旅游区(6204)->成都吃客(7366)->太古里(10143)
2018,美食三千，只取一瓢饮！在成都，不能错过的10件小事…,2018-12-07,https://you.ctrip.com/travels/chengdu104/3758034.html,春熙路(125)->大慈寺(240)->宽窄巷子(654)->锦里(1448)->成都武侯祠博物馆(1451)->成都杜甫草堂博物馆(2297)->小酒馆(2555)->文殊院(3450)->太古里(4707)->乐山大佛景区(5859)
2018,周末慢游成都，古迹遍地更有难忘的美食,2018-11-28,https://you.ctrip.com/travels/chengdu104/3754975.html,春熙路(131)->人民公园(138)->文殊院(143)->成都武侯祠博物馆(157)->锦里(161)->成都杜甫草堂博物馆(168)->太古里(278)->大慈寺(282)->鹤鸣茶社(1160)->宽窄巷子(2932)->步行街(3053)->浣花溪(3942)->百花潭(3985)
2018,胃自由三天三夜成都美食之行,2018-11-01,https://you.ctrip.com/travels/chengdu104/3746317.html,春熙路(163)->步行街(190)->太古里(492)->大慈寺(582)->成都吃客(1781)->宽窄巷子(1816)->东郊记忆(3823)->九眼桥(4768)
2018,蓉城三日寻食记之网红店的日常（72小时吃货清单）,2018-11-05,https://you.ctrip.com/travels/chengdu104/3748050.html,春熙路(2044)->成都吃客(7399)
2018,食摄成都，我在蓉城3天2晚的美食之旅,2018-08-30,https://you.ctrip.com/travels/chengdu104/3723762.html,春熙路(237)->太古里(240)->文殊院(253)->宽窄巷子(423)->IFS(2019)->成都大熊猫繁育研究基地(5529)
2018,吃在成都，就应该去品尝这些游客并不知道的世界级美食,2018-12-24,https://you.ctrip.com/travels/chengdu104/3610682.html,春熙路(255)->太古里(259)->宽窄巷子(263)->魁星楼(2701)
2018,行走在成都的文艺范儿，这一次带你解锁那些网红打卡点,2018-12-11,https://you.ctrip.com/travels/chengdu104/3758503.html,春熙路(283)->太古里(286)->IFS(496)->四川广汉三星堆博物馆(3279)->成都金沙遗址博物馆(3312)->宽窄巷子(4038)->成都杜甫草堂博物馆(4043)->人民公园(9087)->天府广场(9149)->鹤鸣茶社(9266)->大慈寺(10122)
2018,跟我在成都的街头走一走，直到所有的美食都吃完了再回头,2018-12-30,https://you.ctrip.com/travels/chengdu104/3764177.html,春熙路(286)->太古里(307)->宽窄巷子(1095)->成都武侯祠博物馆(1788)->锦里(1899)->成都吃客(3385)
2018,4天3晚成都美食探店，顺便探访美到无死角的无影教堂,2018-11-06,https://you.ctrip.com/travels/chengdu104/3747601.html,春熙路(290)->太古里(294)->成都吃客(685)->成都市双流区黄龙溪旅游区(1804)->大慈寺(3436)->成都杜甫草堂博物馆(3602)->东郊记忆(5685)->小酒馆(6623)
2018,走街串巷！成都带不走的只有你,2018-11-08,https://you.ctrip.com/travels/chengdu104/3749115.html,春熙路(30)->人民公园(167)->成都吃客(290)->文殊院(305)->太古里(346)->宽窄巷子(412)->九眼桥(432)->步行街(739)->IFS(751)->魁星楼(984)->成都远洋太古里(3819)->奎星楼(7489)->锦里(8240)->青城山—都江堰旅游景区(8261)->青城山—都江堰旅游景区(8265)->峨眉山风景名胜区(8269)
2018,玩转不一样的成都，原来蓉城不只辣味,2018-11-10,https://you.ctrip.com/travels/chengdu104/3749421.html,春熙路(324)->兰桂坊(4688)->九眼桥(4700)->宽窄巷子(5748)
2018,【川渝记忆-下篇】才下舌尖，又上心头的成都味道,2018-12-05,https://you.ctrip.com/travels/chengdu104/3757103.html,春熙路(34)->人民公园(3496)->重庆人民大礼堂及人民广场(3612)->鹤鸣茶社(4123)->宽窄巷子(4476)->成都武侯祠博物馆(5878)->锦里(5914)->成都杜甫草堂博物馆(7088)->太古里(16074)->九眼桥(16078)->重庆涪陵巴山夜雨休闲旅游区(18489)
2018,【马玛丽旅行志】天府美味知多少，记一场成都寻味之旅,2018-12-30,https://you.ctrip.com/travels/chengdu104/3763995.html,春熙路(344)->成都吃客(354)->宽窄巷子(362)->东郊记忆(412)->锦里(459)->太古里(637)->天府广场(2325)->成都武侯祠博物馆(7433)
2018,在成都的两天，经历了一场醉生梦死的舌尖上的旅行,2018-12-29,https://you.ctrip.com/travels/chengdu104/3763943.html,春熙路(406)->宽窄巷子(2884)->锦里(4511)->成都武侯祠博物馆(4668)
2018,四天刷遍成都必到景点和12家网红餐厅,2018-10-21,https://you.ctrip.com/travels/chengdu104/3742948.html,春熙路(408)->IFS(442)->太古里(447)->宽窄巷子(1544)->天府广场(1859)->成都吃客(2719)->小酒馆(11422)->成都杜甫草堂博物馆(11712)->锦里(11884)->乐山大佛景区(13013)->成都金沙遗址博物馆(13484)
2018,四川|成都周末两日游完整行程攻略，小众景点和网红美食一个都不错过【第一集】,2018-09-17,https://you.ctrip.com/travels/chengdu104/3729030.html,春熙路(517)->太古里(520)->宽窄巷子(551)->九眼桥(566)->兰桂坊(578)->锦里(1685)->小酒馆(2619)->解放碑(3801)->IFS(4114)->重庆磁器口古镇(6619)
2018,适合三五好友或者几个家庭共同出行的成都重庆7天6夜美食美景闲适之旅,2018-10-11,https://you.ctrip.com/travels/chengdu104/3737992.html,春熙路(610)->步行街(679)->IFS(753)->乐山大佛景区(929)->重庆人民大礼堂及人民广场(1294)->人民公园(1348)->宽窄巷子(1361)->成都武侯祠博物馆(1640)->锦里(1748)->小酒馆(1826)->青城山—都江堰旅游景区(2304)->青城山—都江堰旅游景区(2307)->四川大学(2513)->九眼桥(2742)->朝天门(3072)->重庆长江索道景区(3075)->解放碑(3104)->重庆洪崖洞民俗风貌区(3112)->重庆大学(3776)
2018,故地印象，成都寻宝记（博物馆打卡+美食探店）,2018-10-25,https://you.ctrip.com/travels/chengdu104/3744050.html,春熙路(819)->太古里(830)->IFS(834)->成都大熊猫繁育研究基地(862)->成都金沙遗址博物馆(878)->天府广场(919)->小酒馆(938)->成都吃客(2046)->宽窄巷子(2381)->锦里(2386)->九眼桥(2389)->鹤鸣茶社(2397)->大慈寺(4116)->重庆动物园(8976)->四川博物院(15201)->成都杜甫草堂博物馆(15431)->人民公园(17186)
2018,陪爸妈游长江三峡——送给爸爸的70岁生日礼物,2018-11-15,https://you.ctrip.com/travels/yichang313/3751542.html,朝天门(1100)->嘉陵江(1134)->重庆洪崖洞民俗风貌区(1530)->丰都鬼城(1886)->望乡台(2025)->夔门(2441)->成都武侯祠博物馆(2514)
2018,巴南木洞古镇，2019年新年祈福，汉服秀，长桌宴，河灯祈福一样的不能少,2018-12-30,https://you.ctrip.com/travels/chongqing158/3764280.html,朝天门(1103)->宝山旅游区(1288)
2018,新加坡财团花240亿在重庆修一个地标，为何引来当地人强烈不满？,2018-12-15,https://you.ctrip.com/travels/chongqing158/3759984.html,朝天门(129)->来福士(133)->嘉陵江(289)->朝天门大桥(659)
2018,守望魂归，祈福丰都，不一样的中元节，不一样的鬼城名山,2018-09-04,https://you.ctrip.com/travels/fengdu120029/3725552.html,朝天门(146)->重庆丰都名山风景区(459)->丰都鬼城(719)->望乡台(1103)
2018,现在世界上最大的内陆山水之城重庆，会是你理想中的花花世界吗,2018-12-11,https://you.ctrip.com/travels/chongqing158/3758645.html,朝天门(257)->重庆磁器口古镇(263)->嘉陵江(767)->重庆洪崖洞民俗风貌区(1631)->重庆长江索道景区(1675)->李子坝(1684)->四川广汉三星堆博物馆(7625)->乐山大佛景区(7856)
2018,2018年十一黄金周长江游,2018-12-14,https://you.ctrip.com/travels/wuhan145/3756363.html,朝天门(551)->长江大桥(938)->重庆忠县石宝寨(1257)->丰都鬼城(1261)->重庆大足石刻景区(1487)->重庆洪崖洞民俗风貌区(1534)->解放碑(1552)
2018,《情与旅》为了一顿火锅--跨越长江,2018-10-08,https://you.ctrip.com/travels/chongqing158/3736981.html,朝天门(866)->富顺文庙·西湖景区(1199)->重庆湖广会馆(1713)->东水门(2321)
2018,走进3D魔幻之城重庆，解锁全新小众玩法丨重庆5日逛吃之旅,2018-07-30,https://you.ctrip.com/travels/chongqing158/3709068.html,李子坝(501)->重庆长江索道景区(531)->李子坝轻轨(557)->重庆磁器口古镇(1256)->重庆磁器口古镇(1313)->嘉陵江(1341)->宝轮寺(2003)->重庆洪崖洞民俗风貌区(3315)->千厮门大桥(3325)->嘉陵江大桥(3338)->老君山(3442)->重庆南岸南山桃花园景区(3655)->解放碑(3865)->会仙楼(3990)->奥陶纪(4455)->滨江路(4714)->重庆华生园金色蛋糕梦幻王国景区(5296)->重庆华生园金色蛋糕梦幻王国景区(5381)->四川美术学院(6939)->涂鸦一条街(6941)->重庆鹅岭公园(8684)->二厂(8686)->长江大桥(9485)->白坪一飞龙旅游区(14875)->重庆观音桥商圈都市旅游区(15348)
2018,巴山绵延，雨水纵横，述说山城的悠长故事,2018-12-03,https://you.ctrip.com/travels/chongqing158/3756556.html,李子坝(892)->重庆洪崖洞民俗风貌区(916)->奥陶纪(1039)->重庆长江索道景区(1531)->重庆南岸南山桃花园景区(1630)->洋人街(2289)->四川美术学院(2928)->长江大桥(3626)->重庆鹅岭公园(5280)->二厂(5282)->重庆华生园金色蛋糕梦幻王国景区(6057)->重庆湖广会馆(7113)
2018,最火的8个重庆抖音圣地，国庆快来打卡！,2018-09-25,https://you.ctrip.com/travels/chongqing158/3732695.html,李子坝轻轨(258)->重庆洪崖洞民俗风貌区(377)->奥陶纪(504)->重庆长江索道景区(911)->解放碑(1121)->魁星楼(1124)->黄桷湾立交桥(1241)->重庆鹅岭公园(1373)->二厂(1375)->下浩老街(1378)->皇冠大扶梯(1383)
2018,"重庆火锅排行榜,重庆网红火锅店十强品牌,来重庆必须去！",2018-08-22,https://you.ctrip.com/travels/chongqing158/3720237.html,枇杷山(416)->嘉陵江(1073)->滨江路(1076)->重庆洪崖洞民俗风貌区(1126)->解放碑(1495)->八一路好吃街(2365)
2018,四川剑门蜀道风景名胜区12日游记下篇---绵阳、德阳游（小田木作品）,2018-12-10,https://you.ctrip.com/travels/jiangyou1037/2399197.html,梓橦县七曲山风景区(151)->绵阳市江油窦圌山风景区(206)->九皇山(210)->北川羌城旅游区(219)->绵阳市仙海旅游景区(227)->绵阳市北川药王谷旅游景区(353)
2018,遇见成都，艳遇九寨，爱上重庆,2018-08-14,https://you.ctrip.com/travels/chongqing158/3249875.html,步行街(90)->重庆綦江高庙坝生态旅游区(686)->解放碑(691)->重庆美术馆(696)->重庆长江索道景区(711)->重庆洪崖洞民俗风貌区(717)->朝天门(722)->重庆渝中嘉西村—怡园景区(1046)->八一路好吃街(1380)->重庆大剧院(2480)->重庆湖广会馆(2804)->重庆人民大礼堂及人民广场(3099)->重庆中国三峡博物馆(3107)->皇冠大扶梯(3120)->重庆人民大礼堂及人民广场(3311)->白公馆(4946)->渣滓洞(4950)->洞亭火锅(5127)->宽窄巷子(5147)->李子坝(5265)
2018,重庆老火锅哪家最好吃，一顿火锅一个冬,2018-12-12,https://you.ctrip.com/travels/chongqing158/3759237.html,洋人街(132)->解放碑(194)
2018,2018深秋自驾游、行、食、住之七：游渣滓洞；重庆至阆中、游阆中古城,2018-12-01,https://you.ctrip.com/travels/chongqing158/3753036.html,渣滓洞(126)->阆中古城(610)->嘉陵江(1091)->汉桓侯祠(1147)
2018,沿长江三峡逆流而上，只为渝见你！,2018-08-30,https://you.ctrip.com/travels/chongqing158/3723355.html,渣滓洞(60)->长江大桥(303)->夔门(2578)->重庆长寿菩提古镇文化旅游区(2992)->重庆涪陵武陵山国家森林公园(3160)->重庆涪陵武陵山大裂谷景区(3163)->武陵山乡(3191)->重庆南川金佛山景区(3565)->重庆洪崖洞民俗风貌区(3967)->嘉陵江(3984)->重庆磁器口古镇(4091)->白公馆(4456)->乐山大佛景区(4483)->解放碑(4591)->步行街(4675)->四川美术学院(4826)->重庆南滨路景区(4894)->重庆南岸南山桃花园景区(4916)
2018,说起牛背山，你想说什么,2018-10-29,https://you.ctrip.com/travels/hailuogou705/3742358.html,瓦屋山景区(2056)->峨眉山风景名胜区(2060)->重庆丰都名山风景区(2100)->草海(3106)
2018,2018年深秋自驾游、行、食、住之六：游白公馆、大足石刻,2018-11-28,https://you.ctrip.com/travels/chongqing158/3749888.html,白公馆(106)->渣滓洞(466)->重庆大足石刻景区(719)->圣寿寺(2133)->解放碑(2388)->朝天门(2592)->重庆洪崖洞民俗风貌区(2817)
2018,辣么爽！关于重庆火锅的攻略，超级吃货的打卡点！,2018-07-24,https://you.ctrip.com/travels/2015198/3705994.html,皇冠大扶梯(44)->重庆南岸南山桃花园景区(977)->解放碑(1101)->枇杷山(1183)->八一路好吃街(2207)
2018,重庆之旅，因为这些地方而变得不一样,2018-07-25,https://you.ctrip.com/travels/chongqing158/3706498.html,皇冠大扶梯(903)->重庆磁器口古镇(926)->重庆长江索道景区(942)->李子坝(1097)->重庆磁器口古镇(1224)->奥陶纪(1730)->解放碑(1736)->步行街(1739)->八一好吃街(2443)->重庆洪崖洞民俗风貌区(2786)->四川美术学院(2818)->罗中立美术馆(2938)->重庆南岸南山桃花园景区(3013)
2018,稻城亚丁静心之旅｜纵使错过全世界，也不想错过你,2018-09-26,https://you.ctrip.com/travels/daocheng342/3730140.html,碧峰峡旅游景区(183)->春熙路(1643)->重庆动物园(2475)
2018,金秋十月，一场无与伦比的川西自驾,2018-11-19,https://you.ctrip.com/travels/kangding344/3752113.html,碧峰峡旅游景区(622)->天府广场(1126)->宽窄巷子(1211)
2018,四川剑门蜀道风景名胜区12日游记上篇---剑阁、广元游（小田木作品）,2018-12-10,https://you.ctrip.com/travels/jiange3115/2388638.html,绵阳市江油窦圌山风景区(172)->九皇山(176)->梓橦县七曲山风景区(194)->绵阳市仙海旅游景区(200)->重庆丰都名山风景区(957)->绵阳市梓潼县两弹城旅游景区(1037)->魁星楼(1805)->文庙(1863)->高坪区鹤鸣山旅游景区(2247)->塔子山(2408)
2018,重庆香火最旺的寺庙，你知道吗？,2018-09-30,https://you.ctrip.com/travels/chongqing158/3734391.html,罗汉寺(522)->宝顶山(697)->解放碑(739)
2018,这个夏季去哪里玩？到重庆石柱过一个21℃的夏天！,2018-08-07,https://you.ctrip.com/travels/shizhu120022/3713765.html,苦竹?天泉景区(757)->重庆洪崖洞民俗风貌区(6624)
2018,新晋网红粉黛乱子草和媲美枫叶大道的公路|北青旅居分时度假,2018-10-17,https://you.ctrip.com/travels/chongqing158/3739892.html,草海(90)->山王坪(448)->重庆鹅岭公园(705)->二厂文创公园(707)->重庆南岸南山桃花园景区(988)->重庆洪崖洞民俗风貌区(1545)->四川美术学院(1714)->罗中立美术馆(1736)
2018,重庆享誉国内外的地标——解放碑,2018-11-14,https://you.ctrip.com/travels/chongqing158/3750636.html,解放碑(10)->步行街(160)
2018,七月的重庆，让我对你上了瘾,2018-07-29,https://you.ctrip.com/travels/chongqing158/3708232.html,解放碑(1091)->重庆观音桥商圈都市旅游区(1104)->重庆华生园金色蛋糕梦幻王国景区(1455)->重庆磁器口古镇(2350)->重庆磁器口古镇(2354)->嘉陵江(2368)->宝轮寺(2792)->重庆鹅岭公园(3041)->二厂(3043)->李子坝(3110)->小酒馆(3216)->重庆洪崖洞民俗风貌区(3462)->奥陶纪(4020)->枇杷山(7612)->重庆南岸长嘉汇弹子石老街(7661)->重庆长江索道景区(7787)->重庆人民大礼堂及人民广场(7802)->白公馆(7822)->渣滓洞(7826)->乐山大佛景区(7840)->重庆南岸南山桃花园景区(7858)->重庆动物园(7902)
2018,【重庆美食2号线打卡攻略】中秋国庆小长假满足你的胃！,2018-09-23,https://you.ctrip.com/travels/chongqing158/3731882.html,解放碑(128)->八一好吃街(131)->重庆磁器口古镇(137)->重庆洪崖洞民俗风貌区(141)->重庆鎏嘉码头景区(1151)->黄花园大桥(1162)->中山四路(1605)->李子坝(1974)->李子坝轻轨(2156)->小酒馆(2216)->杨家坪步行街(3093)->步行街(3096)->重庆动物园(3108)
2018,热辣重庆，吃货的归属之城,2018-09-21,https://you.ctrip.com/travels/chongqing158/3731485.html,解放碑(135)->李子坝(222)
2018,重庆-从你的全世界路过一家三口4日游,2018-12-04,https://you.ctrip.com/travels/chongqing158/3756500.html,解放碑(137)->步行街(140)->人民大会堂(206)->重庆洪崖洞民俗风貌区(216)->重庆磁器口古镇(240)->白公馆(244)->渣滓洞(248)->皇冠大扶梯(665)->重庆长江索道景区(671)->嘉陵江(1286)->重庆中国三峡博物馆(2882)->千厮门大桥(3629)->重庆磁器口古镇(4385)->乐山大佛景区(6165)->中国香山?寿香谷(6232)->重庆科技馆(7216)
2018,感受武隆喀斯特的美妙,2018-10-26,https://you.ctrip.com/travels/chongqing158/3743100.html,解放碑(202)->重庆云阳龙缸景区(1592)->白坪一飞龙旅游区(2089)
2018,第三次打卡重庆走街串巷解锁山城小众玩法，附详细拍照+火锅攻略,2018-10-20,https://you.ctrip.com/travels/chongqing158/3741827.html,解放碑(207)->十八梯(226)->朝天门(241)->千厮门大桥(263)->重庆洪崖洞民俗风貌区(269)->重庆鹅岭公园(295)->二厂(297)->李子坝轻轨(339)->重庆中国三峡博物馆(921)->重庆自然博物馆(941)->重庆人民大礼堂及人民广场(1095)->重庆人民大礼堂及人民广场(1112)->中山四路(1820)->特园(2031)->桂园(2037)->周公馆(2040)->嘉陵江(3398)->重庆磁器口古镇(6311)->富顺文庙·西湖景区(7375)->宽窄巷子(7940)
2018,来了重庆N次，每次必到的打卡地,2018-07-24,https://you.ctrip.com/travels/chongqing158/3706361.html,解放碑(225)->重庆洪崖洞民俗风貌区(330)->重庆长江索道景区(334)->朝天门(339)->时代广场(420)->重庆鹅岭公园(476)->二厂(478)->重庆磁器口古镇(1110)->八一路好吃街(3295)
2018,重庆美食探店＋网红地打卡，感受山城的美食和美景,2018-12-20,https://you.ctrip.com/travels/chongqing158/3761656.html,解放碑(27)->重庆洪崖洞民俗风貌区(40)->嘉陵江(439)->重庆大剧院(662)->千厮门大桥(814)->重庆鹅岭公园(1540)->二厂(1966)->贰厂(2008)->李子坝(2481)->李子坝轻轨(2556)->佛图关(2891)->重庆动物园(2899)->九街(3074)->重庆磁器口古镇(3641)->四川美术学院(3817)->朝天门(3824)
2018,从你的全世界路过，这才是打开山城重庆的正确方式,2018-11-18,https://you.ctrip.com/travels/chongqing158/3751861.html,解放碑(27)->重庆洪崖洞民俗风貌区(40)->李子坝(534)->重庆长江索道景区(632)->重庆磁器口古镇(646)->李子坝轻轨(652)->重庆鹅岭公园(660)->二厂(662)->重庆万盛黑山谷景区(670)->重庆南川金佛山景区(686)->千厮门大桥(720)->嘉陵江大桥(920)->步行街(1072)->八一路好吃街(1147)
2018,重庆新玩法，吃火锅泡温泉的周末打开方式,2018-10-28,https://you.ctrip.com/travels/chongqing158/3745300.html,解放碑(27)->重庆洪崖洞民俗风貌区(40)->重庆磁器口古镇(432)->宝轮寺(521)->重庆鹅岭公园(1527)->二厂(1529)->重庆鹅岭公园(1970)
2018,城市发现家，重庆的正确打开方式。,2018-10-22,https://you.ctrip.com/travels/chongqing158/3742485.html,解放碑(27)->重庆洪崖洞民俗风貌区(40)->重庆长江索道景区(149)->千厮门大桥(213)->重庆磁器口古镇(291)->奥陶纪(315)->重庆磁器口古镇(425)->嘉陵江(455)->宝轮寺(1404)->朝天门(2110)->重庆湖广会馆(2370)->国泰艺术中心(2396)->滨江路(7183)
2018,最详细重庆旅游攻略！本地人告诉你如何用最少的钱玩转重庆！,2018-10-18,https://you.ctrip.com/travels/chongqing158/3742139.html,解放碑(274)->重庆洪崖洞民俗风貌区(278)->千厮门大桥(636)->八一好吃街(735)
2018,你该去任何你想去的地方,2018-11-16,https://you.ctrip.com/travels/chongqing158/3750366.html,解放碑(278)->时代广场(335)->重庆洪崖洞民俗风貌区(348)->千厮门大桥(352)->朝天门(358)->长江大桥(361)->李子坝(384)->重庆长江索道景区(448)->重庆磁器口古镇(577)->渣滓洞(581)->白公馆(585)->李子坝轻轨(813)
2018,陪都重庆，从网红景点到小众景点，一网打尽。,2018-12-10,https://you.ctrip.com/travels/chongqing158/3757858.html,解放碑(286)->龙门浩老街(431)->重庆抗战遗址博物馆(444)->四川美术学院(476)->重庆磁器口古镇(504)->重庆洪崖洞民俗风貌区(556)->嘉陵江(613)->重庆长江索道景区(959)->重庆宋庆龄旧居陈列馆(1430)->重庆南岸南山桃花园景区(1541)
2018,火辣辣的太阳，火辣辣的重庆,2018-09-11,https://you.ctrip.com/travels/chongqing158/3727591.html,解放碑(29)->朝天门(303)->重庆湖广会馆(307)->嘉陵江(477)->重庆洪崖洞民俗风貌区(680)->重庆长江索道景区(684)->四川美术学院(966)
2018,山城之旅，不废话全干货，吃喝玩乐全攻略,2018-07-25,https://you.ctrip.com/travels/chongqing158/3706561.html,解放碑(29)->重庆洪崖洞民俗风貌区(384)->中山四路(567)->朝天门(668)->桂园(854)->周公馆(857)
2018,“去了趟重庆，艳遇真的不浅”,2018-10-22,https://you.ctrip.com/travels/chongqing158/3742587.html,解放碑(291)->重庆洪崖洞民俗风貌区(295)->重庆长江索道景区(299)->重庆磁器口古镇(310)->白公馆(314)->重庆磁器口古镇(638)->步行街(819)
2018,重庆三日游攻略——雾都、山城、桥都、江城之旅,2018-12-11,https://you.ctrip.com/travels/china110000/3755186.html,解放碑(30)->重庆人民大礼堂及人民广场(190)->重庆中国三峡博物馆(248)->步行街(1255)->重庆磁器口古镇(1482)->嘉陵江(1560)->重庆洪崖洞民俗风貌区(2038)->重庆长江索道景区(2042)
2018,要说来自东方的神秘力量，重庆绝对算一个，轻轨穿墙而过，再一次惊讶到老外！,2018-08-16,https://you.ctrip.com/travels/chongqing158/3717960.html,解放碑(304)->十八梯(630)->步行街(888)->春熙路(913)->八一路好吃街(995)->重庆磁器口古镇(1143)->重庆洪崖洞民俗风貌区(1147)->李子坝(1923)->嘉陵江(2536)->嘉陵江大桥(2689)->重庆大剧院(2716)->东水门(2746)->长江大桥(2749)->重庆南岸长嘉汇弹子石老街(2774)->朝天门(2865)->朝天门广场(2918)
2018,保姆级重庆3D地形旅游攻略，看完中秋国庆100％不走弯路,2018-09-22,https://you.ctrip.com/travels/chongqing158/3731973.html,解放碑(330)->魁星楼(333)->重庆洪崖洞民俗风貌区(683)->李子坝轻轨(1068)->重庆长江索道景区(1409)->皇冠大扶梯(1638)->重庆南滨路景区(2091)->重庆南岸南山桃花园景区(2134)
2018,11月重庆5日游，流连忘返,2018-11-09,https://you.ctrip.com/travels/chongqing158/3748665.html,解放碑(355)->重庆中国三峡博物馆(451)->重庆人民大礼堂及人民广场(457)->重庆人民大礼堂及人民广场(980)->白公馆(1483)->渣滓洞(1487)->重庆红岩革命纪念馆(1494)->重庆磁器口古镇(1680)->重庆洪崖洞民俗风貌区(1869)->重庆大足石刻景区(2158)->宝顶山(2295)->重庆南岸南山桃花园景区(2452)->北山石刻(2494)->皇冠大扶梯(2772)->重庆长江索道景区(3831)->朝天门(3842)->李子坝轻轨(3848)->嘉陵江(4180)->南山一棵树(4409)->来福士(5231)
2018,五种重庆最美的模样，今年国庆让你一起看过！,2018-09-26,https://you.ctrip.com/travels/chongqing158/3733100.html,解放碑(365)->中山四路(369)->朝天门(374)->重庆洪崖洞民俗风貌区(384)->奥陶纪(744)->重庆长江索道景区(1184)->重庆磁器口古镇(1194)->重庆磁器口古镇(1480)->龚滩古镇(1628)->重庆人民大礼堂及人民广场(1949)->重庆南岸南山桃花园景区(1959)
2018,从华北到西南，一路东风，我带家人自驾游天涯。（平遥-壶口-重庆-重庆-成都）,2018-10-04,https://you.ctrip.com/travels/chengdu104/3735618.html,解放碑(38)->文庙(666)->重庆磁器口古镇(794)->重庆洪崖洞民俗风貌区(806)->宽窄巷子(863)->成都武侯祠博物馆(883)->锦里(897)->太古里(902)->春熙路(908)->资阳市乐至县慈恩寺旅游景区(6517)->重庆磁器口古镇(8402)->滨江路(8517)->重庆长江索道景区(8561)->重庆涪陵巴山夜雨休闲旅游区(8581)->步行街(8603)->九眼桥(11292)->大慈寺(12283)
2018,这就是雾都，重庆吃货游记,2018-07-25,https://you.ctrip.com/travels/chongqing158/3706487.html,解放碑(403)->纯阳老酒馆(866)->重庆磁器口古镇(1203)->八一路好吃街(1540)
2018,年薪百万80后，放弃高薪进行全国旅行，第一站到重庆,2018-07-24,https://you.ctrip.com/travels/chongqing158/3706453.html,解放碑(437)->重庆洪崖洞民俗风貌区(861)->重庆鹅岭公园(1008)->皇冠大扶梯(1088)->重庆长江索道景区(1146)->重庆磁器口古镇(1370)->重庆观音桥商圈都市旅游区(1479)
2018,「重庆美食攻略」骨灰级吃货推荐，建议收藏,2018-09-13,https://you.ctrip.com/travels/chongqing158/3728266.html,解放碑(444)->枇杷山(880)->重庆观音桥商圈都市旅游区(1839)->观音桥好吃街(1900)->重庆磁器口古镇(1923)->重庆磁器口古镇(1953)->重庆洪崖洞民俗风貌区(2070)
2018,毕业旅行，重庆第一站！学弟学妹们快快收藏！,2018-07-24,https://you.ctrip.com/travels/chongqing158/3705728.html,解放碑(445)->重庆长江索道景区(658)->重庆洪崖洞民俗风貌区(904)->滨江路(1003)->罗汉寺(1083)->步行街(1434)->李子坝(1462)->嘉陵江(1536)->重庆鹅岭公园(1571)->二厂(1573)->宽窄巷子(2878)
2018,逛吃逛吃在重庆,2018-12-03,https://you.ctrip.com/travels/chongqing158/3755793.html,解放碑(462)->朝天门(825)->重庆洪崖洞民俗风貌区(840)->嘉陵江(1926)->李子坝(2140)->奥陶纪(2822)->四川美术学院(4697)->重庆磁器口古镇(4717)->梵高星空艺术馆(4746)->宝轮寺(4992)->时代广场(5731)
2018,探访重庆新晋网红地：梦幻奥陶纪，玩的可不止是心跳,2018-09-26,https://you.ctrip.com/travels/chongqing158/3732892.html,解放碑(57)->重庆洪崖洞民俗风貌区(70)->重庆磁器口古镇(93)->朝天门(112)->乐山大佛景区(126)->渣滓洞(129)->奥陶纪(162)->重庆万盛黑山谷景区(222)
2018,重庆~~重庆~~~见到你好欢喜,2018-09-16,https://you.ctrip.com/travels/chongqing158/3729193.html,解放碑(71)->重庆磁器口古镇(196)->重庆洪崖洞民俗风貌区(424)->千厮门大桥(701)->白公馆(722)->渣滓洞(726)->朝天门(754)->重庆长江索道景区(766)->罗汉寺(890)
2018,强推，重庆国庆竟然还有这么一个好去处，99%的人都不知道,2018-10-08,https://you.ctrip.com/travels/chongqing158/3736597.html,解放碑(76)->重庆磁器口古镇(162)->四川美术学院(280)->罗中立美术馆(359)->重庆洪崖洞民俗风貌区(428)->步行街(563)->千厮门大桥(587)->李子坝(657)
2018,【重庆贵州】一个人，一个背包，2018中秋独行渝贵,2018-10-12,https://you.ctrip.com/travels/chongqing158/3738517.html,解放路(34)->重庆鹅岭公园(83)->二厂(87)->重庆洪崖洞民俗风貌区(516)->重庆鹅岭公园(532)->李子坝(544)->千厮门大桥(552)->朝天门(570)->重庆长江索道景区(576)->重庆人民大礼堂及人民广场(583)->重庆中国三峡博物馆(591)->解放碑(1838)->贰厂(2275)->东水门(2842)->长江大桥(2845)->重庆南岸长嘉汇弹子石老街(2876)->嘉陵江(3897)->重庆人民大礼堂及人民广场(4342)->遵义会议会址(7387)
2018,感悟心灵洗礼的大美天堂2018年6、7月青藏高原自驾游攻略（二）,2018-08-06,https://you.ctrip.com/travels/kangding344/3712260.html,遵义会议会址(885)->泸州老窖旅游区(956)->澜沧江(3258)
2018,我跟携程游三峡,2018-12-14,https://you.ctrip.com/travels/chongqing158/3750806.html,重庆两江国际影视城(985)->重庆中国三峡博物馆(1253)->长江大桥(1299)->朝天门(1309)->嘉陵江大桥(1325)->重庆人民大礼堂及人民广场(1579)->重庆人民大礼堂及人民广场(1584)->朝天门广场(1941)->重庆白鹤梁水下博物馆景区(2233)->重庆丰都名山风景区(2705)->重庆忠县石宝寨(2757)->步行街(3046)->夔门(5110)
2018,不负好时光，七夕打卡丰都南天湖,2018-08-23,https://you.ctrip.com/travels/fengdu120029/3720645.html,重庆丰都南天湖景区(144)->丰都鬼城(238)->重庆丰都雪玉洞景区(248)->重庆涪陵武陵山国家森林公园(1040)
2018,2018暑期行－千山万水，行走贵州,2018-08-28,https://you.ctrip.com/travels/guiyang33/3722276.html,重庆丰都名山风景区(2660)->遵义会议会址(3249)->重庆洪崖洞民俗风貌区(3303)->重庆长江索道景区(3376)->嘉陵江(3401)
2018,《情与旅》为了一顿火锅--邂逅猛张飞,2018-10-19,https://you.ctrip.com/travels/yunyang120028/3741708.html,重庆云阳张飞庙(500)->阆中古城(523)
2018,重庆云阳----天下龙缸、云上草原,2018-08-23,https://you.ctrip.com/travels/yunyang120028/3720385.html,重庆云阳龙缸景区(183)->重庆云阳张飞庙(188)->重庆云阳三峡梯城景区(192)->重庆万州大瀑布群旅游区(1770)->夔门(2512)->仪陇县黎明村旅游景区(2615)
2018,流连于彭水的青山碧水之间,2018-10-24,https://you.ctrip.com/travels/pengshui120030/3743752.html,重庆云阳龙缸景区(44)->解放碑(322)
2018,一个人的重庆之行,2018-12-14,https://you.ctrip.com/travels/chongqing158/3754488.html,重庆人民大礼堂及人民广场(249)->嘉陵江(276)->中山四路(306)->二厂(321)->重庆磁器口古镇(337)->桂园(524)->周公馆(607)->曾家岩书院(674)->李子坝(1263)->重庆鹅岭公园(1276)->重庆中国三峡博物馆(1799)->解放碑(2016)->重庆洪崖洞民俗风貌区(2154)->千厮门大桥(2194)->重庆长江索道景区(2264)->重庆南岸长嘉汇弹子石老街(2374)->重庆南滨路景区(2380)
2018,重庆游记之重庆三峡博物馆,2018-07-22,https://you.ctrip.com/travels/chongqing158/3705107.html,重庆人民大礼堂及人民广场(735)->重庆中国三峡博物馆(747)->重庆人民大礼堂及人民广场(777)->嘉陵江(1722)
2018,山城重庆，秘境恩施（重庆、恩施9日自由行超详细攻略上）,2018-11-30,https://you.ctrip.com/travels/chongqing158/3749950.html,重庆南岸南山桃花园景区(311)->重庆长江索道景区(318)->解放碑(356)->重庆观音桥商圈都市旅游区(360)->重庆大足石刻景区(403)->八一路好吃街(1270)->重庆磁器口古镇(1278)->重庆南滨路景区(1301)->重庆人民大礼堂及人民广场(1325)->步行街(1385)->重庆洪崖洞民俗风貌区(2348)->朝天门(2393)->南山一棵树(2407)->重庆中国三峡博物馆(2425)->重庆歌乐山森林公园(2432)->乐山大佛景区(2433)->渣滓洞(2440)->白公馆(2444)->重庆人民大礼堂及人民广场(2452)->涂鸦一条街(2459)->龚滩(2520)->重庆永川茶山竹海旅游景区(2538)->丰都鬼城(2550)->十八梯(2575)->枇杷山(2642)->重庆鹅岭公园(2646)->中山四路(2658)->重庆鹅岭公园(2745)->纯阳老酒馆(3480)->小酒馆(3494)->李子坝(3676)->皇冠大扶梯(4089)->四川美术学院(4322)->佛图关(5428)->嘉陵江(5438)->解放路(9074)->宝顶山(10056)->北山石刻(10261)->千厮门大桥(14770)->嘉陵江大桥(15814)
2018,壹华里七大网红景点一游~,2018-12-26,https://you.ctrip.com/travels/chongqing158/3763058.html,重庆南岸南山桃花园景区(372)->壹华里(376)
2018,重庆1日游丨拒绝去人山人海里摩肩擦踵，来这些地方感受重庆的休闲与惬意,2018-10-24,https://you.ctrip.com/travels/chongqing158/3743269.html,重庆南岸长嘉汇弹子石老街(173)->重庆南滨路景区(182)->重庆南岸长嘉汇弹子石老街(186)->滨江路(249)->洋人街(374)->重庆洪崖洞民俗风貌区(1805)->千厮门大桥(2166)
2018,金佛山，雾天绝壁栈道穿云而行步步惊心,2018-11-09,https://you.ctrip.com/travels/nanchuan1445601/3749032.html,重庆南川金佛山景区(21)->重庆丰都名山风景区(60)
2018,走进《北京遇上西雅图》，放飞心里的那封信|重庆时光,2018-08-19,https://you.ctrip.com/travels/chongqing158/3718908.html,重庆南川金佛山景区(27)->重庆洪崖洞民俗风貌区(525)
2018,畅游金佛山：在绝美风光里感受信仰的魅力,2018-09-19,https://you.ctrip.com/travels/nanchuan1445601/3731243.html,重庆南川金佛山景区(35)->乐山大佛景区(1077)
2018,重庆冬季滑雪玩雪这几个地方是人气最旺的,2018-12-12,https://you.ctrip.com/travels/chongqing158/3758882.html,重庆南川金佛山景区(684)->重庆丰都南天湖景区(976)->夔门(1821)->重庆际华园景区(1902)->重庆大学(2334)
2018,重庆的冬天‖能让人感到温暖的不只有火锅，还有温泉,2018-12-14,https://you.ctrip.com/travels/chongqing158/3759513.html,重庆南温泉风景区(191)->重庆东温泉风景区(205)->嘉陵江(310)->重庆缙云山景区(316)->重庆天赐温泉生态旅游景区(1061)->重庆南岸南山桃花园景区(1402)->滨江路(1524)->重庆海兰云天温泉度假区(1540)
2018,重庆特色美食推荐：带你领略舌尖上的美食，感受不一样的山城！,2018-11-13,https://you.ctrip.com/travels/chongqing158/3750597.html,重庆南滨路景区(136)->重庆洪崖洞民俗风貌区(368)->八一路好吃街(561)->解放碑(646)->重庆磁器口古镇(903)->重庆磁器口古镇(910)->嘉陵江(924)->石井坡(965)
2018,【渝州游】重庆开埠时期老街成为了最美夜景打卡地,2018-09-25,https://you.ctrip.com/travels/chongqing158/3732748.html,重庆南滨路景区(15)->龙门浩老街(74)->东水门(168)->重庆南岸南山桃花园景区(176)->长江大桥(799)->重庆长江索道景区(1309)
2018,国庆游就到合川天龙谷，给心灵放一个原生态的假期!,2018-09-30,https://you.ctrip.com/travels/chongqing158/3734478.html,重庆合川涞滩古镇(420)->奥陶纪(988)->重庆南岸南山桃花园景区(1512)->重庆动物园(2000)
2018,避开人群，国庆走个人少惬意的地儿好好旅行，重庆合川天龙谷一日游,2018-10-01,https://you.ctrip.com/travels/chongqing158/3735168.html,重庆合川涞滩古镇(465)->白坪一飞龙旅游区(1024)
2018,钓鱼城——杨过杀死蒙哥的地方,2018-11-18,https://you.ctrip.com/travels/chongqing158/3751692.html,重庆合川钓鱼城景区(158)->嘉陵江(205)->苦竹?天泉景区(1063)
2018,大足石刻丨最值得静心欣赏的景点，代表世界石窟艺术的最高水平,2018-11-17,https://you.ctrip.com/travels/dazu120025/3751522.html,重庆大足石刻景区(1)->宝顶山(73)->重庆南岸南山桃花园景区(719)->圣寿寺(1491)->资阳市安岳石刻?圆觉洞景区(1843)->北山石刻(2304)
2018,驿路嗒程，古美大足,2018-12-14,https://you.ctrip.com/travels/chongqing158/3759762.html,重庆大足石刻景区(233)->绵阳市盐亭县玉龙山旅游景区(441)->昌州古城(713)
2018,原来网红城市重庆周边，还隐藏了这三大人文历史景点，值得来！,2018-11-18,https://you.ctrip.com/travels/hechuan1445602/3751778.html,重庆大足石刻景区(238)->重庆合川钓鱼城景区(245)->重庆白鹤梁水下博物馆景区(251)->宝顶山(287)->宝山旅游区(1142)->重庆江津四面山景区(2770)->嘉陵江(2792)->苦竹?天泉景区(3088)->重庆中国三峡博物馆(5114)
2018,外地人到重庆怎么玩？精心整理的攻略请你收好，吃喝玩乐尽在其中,2018-12-14,https://you.ctrip.com/travels/chongqing158/3759511.html,重庆大足石刻景区(505)->重庆南川金佛山景区(516)->重庆丰都雪玉洞景区(620)->重庆洪崖洞民俗风貌区(898)->东水门(1224)->朝天门(1301)->嘉陵江(1500)->千厮门大桥(1510)->解放碑(1521)->乐山大佛景区(1802)->重庆磁器口古镇(2374)->龚滩古镇(2639)->重庆渝北龙兴古镇景区(2649)->重庆江津中山古镇(2659)->重庆沙坪坝虎峰山景区(2674)->安居古镇(2679)->重庆永川松溉古镇(2689)->濯水古镇(2699)->重庆磁器口古镇(2792)->宝轮寺(3031)->宽窄巷子(3830)->重庆人民大礼堂及人民广场(3974)->重庆中国三峡博物馆(4688)->重庆人民大礼堂及人民广场(5027)->李子坝(5108)->重庆大剧院(5856)->来福士(5989)->重庆湖广会馆(9478)->重庆长江索道景区(9483)->中山四路(9488)->白公馆(9501)->重庆园博园(9511)->罗汉寺(9527)->重庆抗战遗址博物馆(9537)->四川美术学院(9572)->奥陶纪(9634)->重庆万盛黑山谷景区(9638)->丰都鬼城(9642)->重庆云阳龙缸景区(9649)->重庆忠县石宝寨(9654)
2018,打卡千年举子之乡跟着经典研学修学,2018-08-30,https://you.ctrip.com/travels/chongqing158/3723600.html,重庆开州汉丰湖景区(52)->文庙(370)
2018,赏四面山水，归千年古镇，见证浪漫爱情——重庆江津四面山,2018-12-03,https://you.ctrip.com/travels/chongqing158/3756658.html,重庆江津四面山景区(20)->重庆江津中山古镇(319)->峨眉山风景名胜区(1369)->望乡台(1454)->重庆江津会龙庄景区(2293)
2018,重庆攻略,2018-09-17,https://you.ctrip.com/travels/chongqing158/3729395.html,重庆江津四面山景区(29)->解放碑(308)->重庆洪崖洞民俗风貌区(531)->李子坝(864)->重庆磁器口古镇(903)->望乡台(1193)->白坪一飞龙旅游区(1595)->奥陶纪(1783)->重庆大足石刻景区(3441)->北山石刻(3611)->宝顶山(3618)
2018,探访四面山丨六千二百零八阶的天梯，每一阶都是爱的堡垒。,2018-08-21,https://you.ctrip.com/travels/chongqing158/3719685.html,重庆江津四面山景区(29)->重庆江津中山古镇(425)->望乡台(2022)
2018,四面山上，住着神仙眷侣，饮着山泉水，吹着温柔风,2018-08-24,https://you.ctrip.com/travels/jiangjin2331/3720843.html,重庆江津四面山景区(561)->望乡台(3116)->重庆江津中山古镇(3742)->小酒馆(3862)
2018,众享两江风景的洪崖洞，还有什么诱人之处呢！,2018-12-28,https://you.ctrip.com/travels/chongqing158/3763773.html,重庆洪崖洞民俗风貌区(1)->解放碑(15)->嘉陵江(27)
2018,重庆三日游之吃最具代表性的美食，玩最好玩的景区,2018-11-09,https://you.ctrip.com/travels/chongqing158/3748733.html,重庆洪崖洞民俗风貌区(103)->重庆磁器口古镇(107)->解放碑(111)->嘉陵江(655)->重庆磁器口古镇(999)->步行街(1823)
2018,不用带脑子的山城行,2018-09-30,https://you.ctrip.com/travels/chongqing158/3734473.html,重庆洪崖洞民俗风貌区(1039)->解放碑(1043)->十八梯(1047)->重庆磁器口古镇(1103)->渣滓洞(1107)->锦里(1210)->乐山大佛景区(1486)->步行街(1993)->嘉陵江(2316)->四川美术学院(2825)->重庆长江索道景区(2828)->重庆南岸南山桃花园景区(2833)->四川美术学院(3158)
2018,跟着动漫去重庆！九大圣地简直美炸了！,2018-09-22,https://you.ctrip.com/travels/chongqing158/3731978.html,重庆洪崖洞民俗风貌区(106)->四川美术学院(355)->四川美术学院(390)->涂鸦一条街(540)->李子坝轻轨(660)->解放碑(1201)->重庆南滨路景区(1422)->重庆长江索道景区(1767)->重庆南岸南山桃花园景区(2470)
2018,悬崖“玩命”，奥陶纪放肆玩不停,2018-09-06,https://you.ctrip.com/travels/chongqing158/3726283.html,重庆洪崖洞民俗风貌区(106)->解放碑(114)->重庆磁器口古镇(128)->奥陶纪(171)
2018,重庆火锅的揭秘，洪崖洞必打卡之地,2018-08-22,https://you.ctrip.com/travels/chongqing158/3720061.html,重庆洪崖洞民俗风貌区(109)->朝天门广场(202)->嘉陵江(365)->嘉陵江大桥(434)->解放碑(703)->八一路好吃街(1713)->十八梯(1972)->步行街(2259)->重庆磁器口古镇(2448)->罗汉寺(2474)->富顺文庙·西湖景区(2691)->重庆中国三峡博物馆(2822)->重庆人民大礼堂及人民广场(2828)
2018,重庆火锅的揭秘，洪崖洞必打卡之地,2018-08-21,https://you.ctrip.com/travels/chongqing158/3719783.html,重庆洪崖洞民俗风貌区(109)->朝天门广场(202)->嘉陵江(365)->嘉陵江大桥(434)->解放碑(703)->十八梯(1926)->步行街(2213)->重庆磁器口古镇(2402)->罗汉寺(2428)->富顺文庙·西湖景区(2645)->重庆中国三峡博物馆(2776)->重庆人民大礼堂及人民广场(2782)
2018,西安秦始皇兵马俑、重庆武隆天生三桥、成都都江堰和青城后山游记,2018-12-20,https://you.ctrip.com/travels/xian7/3760792.html,重庆洪崖洞民俗风貌区(1212)->重庆观音桥商圈都市旅游区(1238)->青城山—都江堰旅游景区(1365)->伏龙观(1442)->青城山—都江堰旅游景区(1520)->青城后山(1679)->泰安古镇(1741)
2018,打卡重庆最网红的景点洪崖洞,2018-11-10,https://you.ctrip.com/travels/chongqing158/3749307.html,重庆洪崖洞民俗风貌区(13)->嘉陵江(30)->嘉陵江大桥(108)->解放碑(538)->步行街(872)
2018,火辣，起伏的山城！——幸好没忘记你（重庆，武隆天坑专特线）,2018-10-07,https://you.ctrip.com/travels/chongqing158/3736364.html,重庆洪崖洞民俗风貌区(134)->解放碑(138)->重庆磁器口古镇(142)->中山四路(146)->嘉陵江(1431)->重庆大足石刻景区(1484)->重庆红岩革命纪念馆(1494)->重庆歌乐山烈士陵园(1502)->乐山大佛景区(1503)->重庆磁器口古镇(1510)->朝天门(1611)->长江大桥(1614)->黄花园大桥(1699)->嘉陵江大桥(1712)->重庆观音桥商圈都市旅游区(2102)->罗汉寺(2637)->重庆人民大礼堂及人民广场(2641)->渣滓洞(2681)->步行街(3209)->千厮门大桥(3585)->重庆长江索道景区(4294)->重庆湖广会馆(4310)->李子坝(4543)->宝轮寺(5210)->白公馆(5502)->宝顶山(6392)->东水门(6683)->重庆中国民主党派历史陈列馆景区(10906)->桂园(10919)->周公馆(10923)->重庆中国三峡博物馆(10990)->特园(11108)->重庆人民大礼堂及人民广场(11964)
2018,风花雪月诗酒茶，解锁从影视综艺里走出来的魔幻重庆,2018-12-04,https://you.ctrip.com/travels/chongqing158/3756323.html,重庆洪崖洞民俗风貌区(136)->李子坝(468)->重庆鹅岭公园(472)->二厂(474)->奥陶纪(490)->重庆长江索道景区(501)->龙门浩老街(506)->重庆南岸南山桃花园景区(514)->重庆南岸长嘉汇弹子石老街(526)->李子坝轻轨(1023)->贰厂(1459)->长江大桥(2203)->嘉陵江(3621)->滨江路(3624)->千厮门大桥(3730)->解放碑(3750)->重庆万盛黑山谷景区(5788)->嘉陵江大桥(6952)->重庆南滨路景区(7406)->东水门(7427)->下浩老街(7595)->十八梯(8255)->重庆南山植物园(10087)->南山一棵树(10124)->朝天门(10391)->重庆磁器口古镇(11236)
2018,魔幻山城重庆，住进博物馆般的网红酒店，打卡新地标,2018-12-15,https://you.ctrip.com/travels/chongqing158/3759904.html,重庆洪崖洞民俗风貌区(141)->重庆磁器口古镇(374)->十八梯(462)->重庆南岸南山桃花园景区(589)->嘉陵江(842)->朝天门(1166)->四川广汉三星堆博物馆(1309)
2018,麻辣川渝，诉一段七夕情话给你听,2018-09-10,https://you.ctrip.com/travels/chongqing158/3726921.html,重庆洪崖洞民俗风貌区(148)->解放碑(278)->嘉陵江(293)->千厮门大桥(313)->步行街(1651)->奥陶纪(2677)->重庆万盛黑山谷景区(5516)->李子坝(6556)->佛图关(7183)->重庆动物园(7268)->重庆长江索道景区(7614)->人民公园(8656)->宽窄巷子(8774)->锦里(8791)->成都武侯祠博物馆(8802)->鹤鸣茶社(9193)->春熙路(11208)->太古里(11212)->IFS(11237)->大慈寺(11552)->成都远洋太古里(12426)->文殊院(14863)
2018,重庆打卡地，除了洪崖洞还有这些,2018-07-25,https://you.ctrip.com/travels/chongqing158/3706304.html,重庆洪崖洞民俗风貌区(15)->解放碑(275)->重庆华生园金色蛋糕梦幻王国景区(620)->重庆鹅岭公园(624)->二厂(626)->千厮门大桥(629)->奥陶纪(850)->重庆磁器口古镇(1368)->重庆磁器口古镇(1377)->重庆长江索道景区(1585)->八一好吃街(1996)->八一路好吃街(2607)
2018,8天7夜，第一次西藏行纪|跟随老司机们探寻西藏江南秘境，打卡5D魔幻重庆,2018-10-10,https://you.ctrip.com/travels/chongqing158/3737225.html,重庆洪崖洞民俗风貌区(1519)->重庆长江索道景区(1545)->李子坝(1875)->李子坝轻轨(2216)->解放碑(3014)->步行街(3017)->嘉陵江(3934)->绵阳市北川药王谷旅游景区(4714)
2018,寻味重庆|重庆必吃美食攻略，了解山城众多美食小吃！,2018-11-15,https://you.ctrip.com/travels/chongqing158/3751152.html,重庆洪崖洞民俗风貌区(154)->重庆磁器口古镇(411)->乐山大佛景区(972)
2018,【中秋攻略】教你如何用200元三天吃遍大重庆！,2018-09-22,https://you.ctrip.com/travels/chongqing158/3731977.html,重庆洪崖洞民俗风貌区(157)->十八梯(622)->解放碑(922)->朝天门(952)->八一路好吃街(1420)->九街(1904)->观音桥步行街(2132)->步行街(2135)->重庆宋庆龄旧居陈列馆(2246)
2018,实拍重庆洪崖洞，为什么大家都说没来过洪崖洞就等于没来过重庆？,2018-11-17,https://you.ctrip.com/travels/chongqing158/3751947.html,重庆洪崖洞民俗风貌区(18)->解放碑(32)->嘉陵江(44)
2018,2018就剩最后一个长假了，再不来网红重庆就晚了！,2018-09-29,https://you.ctrip.com/travels/chongqing158/3734114.html,重庆洪崖洞民俗风貌区(199)->李子坝轻轨(835)->皇冠大扶梯(1344)->重庆长江索道景区(1815)->东水门(2039)->解放碑(2076)->长江大桥(2461)->重庆南滨路景区(2575)->重庆南岸南山桃花园景区(2612)
2018,【求扩散】重庆必吃美食前十强，哪一款美食才是你心中的MVP！,2018-11-21,https://you.ctrip.com/travels/chongqing158/3752844.html,重庆洪崖洞民俗风貌区(210)->嘉陵江(383)->重庆磁器口古镇(388)
2018,"跟着爸爸去旅游,被亲爹推下悬崖，坑儿子最高境界！",2018-08-17,https://you.ctrip.com/travels/chongqing158/3718307.html,重庆洪崖洞民俗风貌区(22)->重庆鹅岭公园(26)->二厂(28)->解放碑(112)->千厮门大桥(122)->奥陶纪(465)->重庆万盛黑山谷景区(470)
2018,川渝味道，300公里3个小时的两城记忆,2018-10-14,https://you.ctrip.com/travels/chengdu104/3739648.html,重庆洪崖洞民俗风貌区(222)->十八梯(475)->东郊记忆(501)->成都佛罗伦萨小镇(528)->成都市双流区黄龙溪旅游区(555)->奥陶纪(1181)->李子坝(3561)->嘉陵江(3649)->解放碑(4483)->千厮门大桥(4848)->春熙路(6360)->宽窄巷子(8066)
2018,在新旧交叠的空间里，寻觅舌尖心上的山城故事,2018-12-16,https://you.ctrip.com/travels/chongqing158/3760006.html,重庆洪崖洞民俗风貌区(224)->重庆磁器口古镇(259)->四川美术学院(290)->建川博物馆(304)->步行街(1100)->嘉陵江(1415)->小酒馆(3117)->李子坝(3566)->佛图关(4466)->重庆建川博物馆(5905)
2018,神奇的城市重庆，如今又多了一个世界第一,2018-08-21,https://you.ctrip.com/travels/chongqing158/3719513.html,重庆洪崖洞民俗风貌区(238)->解放碑(250)->重庆南岸南山桃花园景区(273)->奥陶纪(346)->朝天门(632)->重庆磁器口古镇(670)->重庆长江索道景区(674)->重庆观音桥商圈都市旅游区(891)->重庆园博园(898)->李子坝轻轨(934)->嘉陵江(1179)->洋人街(1237)->重庆磁器口古镇(7093)->重庆合川涞滩古镇(7115)->重庆潼南双江古镇景区(7133)->重庆观音桥商圈都市旅游区(7622)->重庆观音桥商圈都市旅游区(7624)->步行街(7635)->观音桥步行街(7659)->兰桂坊(8019)
2018,给你七月挑战重庆全攻略，美食家与挑战者的世界，拿走不谢,2018-07-28,https://you.ctrip.com/travels/chongqing158/3708206.html,重庆洪崖洞民俗风貌区(251)->重庆长江索道景区(388)->重庆湖广会馆(860)->东水门(880)->乐山大佛景区(1811)->重庆铁山坪森林公园(1817)->重庆磁器口古镇(1824)->重庆两江国际影视城(2442)->奥陶纪(2732)->重庆云阳龙缸景区(3619)->嘉陵江(6258)
2018,在无辣不欢的重庆，感受不一样的文艺气息,2018-12-07,https://you.ctrip.com/travels/chongqing158/3757306.html,重庆洪崖洞民俗风貌区(255)->四川美术学院(1451)->重庆鹅岭公园(1775)->二厂(1819)->重庆磁器口古镇(2446)
2018,你好，重庆，时隔4年，我们又见面了,2018-11-18,https://you.ctrip.com/travels/chongqing158/3751783.html,重庆洪崖洞民俗风貌区(297)->重庆南川金佛山景区(337)->重庆万盛黑山谷景区(432)->奥陶纪(1401)->重庆涪陵武陵山大裂谷景区(1524)->九街(4765)->重庆南滨路景区(5708)->嘉陵江(5792)->滨江路(5795)
2018,苏东坡在重庆游过的一座老城门，如今却成网红景点，你猜是哪里？,2018-12-12,https://you.ctrip.com/travels/chongqing158/3759170.html,重庆洪崖洞民俗风貌区(3)->东水门(311)->朝天门(388)->嘉陵江大桥(587)->千厮门大桥(597)->解放碑(608)->乐山大佛景区(889)
2018,房东不止洪崖洞解放碑！玩转山城重庆这些小众地标才是游客的最爱！,2018-09-25,https://you.ctrip.com/travels/chongqing158/3732305.html,重庆洪崖洞民俗风貌区(409)->解放碑(567)->千厮门大桥(1055)->步行街(1243)->春熙路(1249)->朝天门(1299)->嘉陵江(1314)->重庆长江索道景区(1635)->李子坝轻轨(2000)->重庆南岸南山桃花园景区(2340)->重庆磁器口古镇(2654)->重庆观音桥商圈都市旅游区(2917)->四川美术学院(2941)->涂鸦一条街(2946)->重庆美术馆(3075)->十八梯(3553)->八一路好吃街(3947)->八一好吃街(4061)->重庆磁器口古镇(4669)
2018,网红重庆背后，了解有故事的重庆,2018-11-20,https://you.ctrip.com/travels/chongqing158/3752355.html,重庆洪崖洞民俗风貌区(41)->重庆长江索道景区(63)->重庆大足石刻景区(138)->重庆合川钓鱼城景区(145)->重庆白鹤梁水下博物馆景区(153)->九街(390)->重庆观音桥商圈都市旅游区(400)->宝顶山(771)->嘉陵江(1402)->千厮门大桥(3289)
2018,抖火的城市，梦幻重庆3d城市一日游,2018-11-15,https://you.ctrip.com/travels/chongqing158/3751453.html,重庆洪崖洞民俗风貌区(47)->重庆长江索道景区(76)->步行街(453)->嘉陵江(655)->朝天门(751)->龙门浩老街(799)->解放碑(1777)->会仙楼(1894)->重庆南岸南山桃花园景区(2331)->重庆人民大礼堂及人民广场(3198)->重庆中国三峡博物馆(3219)->重庆人民大礼堂及人民广场(4028)->重庆白鹤梁水下博物馆景区(4516)
2018,重庆最新网红打call地，外地游客纷纷以与辣椒画合影为乐,2018-12-12,https://you.ctrip.com/travels/chongqing158/3759114.html,重庆洪崖洞民俗风貌区(523)->重庆磁器口古镇(527)->四川美术学院(817)
2018,一别山城已6年，2天1晚打卡洪崖洞美景、网红火锅,2018-11-07,https://you.ctrip.com/travels/chongqing158/3748185.html,重庆洪崖洞民俗风貌区(58)->嘉陵江(63)->解放碑(104)->李子坝(287)->千厮门大桥(365)->罗汉寺(590)->滨江路(1166)->乐山大佛景区(1616)->步行街(2696)
2018,这个夏天，我带你们去重庆看一看,2018-08-06,https://you.ctrip.com/travels/chongqing158/3712875.html,重庆洪崖洞民俗风貌区(60)->千厮门大桥(134)->嘉陵江(304)->重庆磁器口古镇(388)->重庆长江索道景区(601)->东水门(641)->滨江路(860)->重庆南滨路景区(865)->重庆南岸南山桃花园景区(1004)->李子坝(1567)->重庆南岸长嘉汇弹子石老街(1658)->解放碑(1769)->重庆鹅岭公园(1783)->二厂(1785)->奥陶纪(1824)->九街(2776)->步行街(2892)
2018,网红城市里的网红酒店，坐标嘉陵江畔，尽享洪崖洞最美景观,2018-09-13,https://you.ctrip.com/travels/chongqing158/3728332.html,重庆洪崖洞民俗风貌区(61)->李子坝轻轨(67)->嘉陵江(589)->四川广汉三星堆博物馆(1785)->解放碑(2861)->重庆观音桥商圈都市旅游区(2869)
2018,火锅之城文艺重庆,2018-11-12,https://you.ctrip.com/travels/chongqing158/3750131.html,重庆洪崖洞民俗风貌区(64)->李子坝(68)->重庆长江索道景区(78)->李子坝轻轨(445)->重庆鹅岭公园(475)->贰厂(477)->二厂(1244)->步行街(3011)->重庆大剧院(3141)->嘉陵江大桥(3294)->罗汉寺(3943)->解放碑(3961)->四川美术学院(4925)
2018,重庆本地人推荐|这5大特色街非去不可,2018-10-26,https://you.ctrip.com/travels/chongqing158/3743907.html,重庆洪崖洞民俗风貌区(7)->重庆磁器口古镇(11)->观音桥步行街(148)->步行街(151)->小酒馆(244)->解放碑(325)->重庆南岸南山桃花园景区(463)->涂鸦一条街(618)->四川美术学院(629)
2018,重庆私享，好玩的好看的热门的全在这儿！,2018-10-05,https://you.ctrip.com/travels/chongqing158/3735119.html,重庆涪陵武陵山国家森林公园(196)->重庆万盛黑山谷景区(480)->奥陶纪(493)->重庆洪崖洞民俗风貌区(512)->解放碑(517)->李子坝(522)->重庆磁器口古镇(527)->重庆乐和乐都景区(536)->龚滩(560)->重庆南岸南山桃花园景区(3216)->南山一棵树(3448)->重庆长江索道景区(3543)->嘉陵江(3654)->步行街(4161)->乐山大佛景区(4455)->重庆磁器口古镇(4458)->重庆动物园(5021)->白坪一飞龙旅游区(8465)
2018,感悟心灵洗礼的大美天堂2018年6、7月青藏高原自驾游攻略（四）,2018-08-06,https://you.ctrip.com/travels/geermu332/3712361.html,重庆潼南大佛寺(6186)->步行街(6767)
2018,留下最后的一点老街印象——走进被现代光芒照耀的重庆,2018-12-28,https://you.ctrip.com/travels/chongqing158/3758309.html,重庆磁器口古镇(102)->奥陶纪(108)->重庆洪崖洞民俗风貌区(121)->重庆南川金佛山景区(217)->重庆万盛黑山谷景区(301)->青城后山(319)->重庆大足石刻景区(374)->丰都鬼城(420)->重庆南岸南山桃花园景区(447)->解放碑(472)->四川美术学院(609)->涂鸦一条街(622)->白公馆(634)->渣滓洞(638)->重庆南滨路景区(652)->南山一棵树(656)->重庆长江索道景区(685)->二厂文创公园(847)->朝天门(976)->重庆鹅岭公园(1031)->嘉陵江(1061)->八一路好吃街(2349)->重庆磁器口古镇(2506)->龙门浩老街(3573)->东水门(3734)->千厮门大桥(3798)->重庆南岸长嘉汇弹子石老街(3982)->十八梯(4058)->下浩老街(4069)->重庆白象街(4130)->重庆南岸长嘉汇弹子石老街(4811)->宝轮寺(6115)->重庆南山植物园(6463)->步行街(7233)
2018,一日打卡重庆网红地，真是个让人欲罢不能的城市,2018-08-14,https://you.ctrip.com/travels/chongqing158/3716652.html,重庆磁器口古镇(117)->重庆磁器口古镇(124)->二厂文创公园(361)->重庆鹅岭公园(423)
2018,不炒也红的经典和炒起来的传奇,2018-08-09,https://you.ctrip.com/travels/chongqing158/3714546.html,重庆磁器口古镇(156)->重庆磁器口古镇(204)->宝轮寺(223)->嘉陵江(259)->奥陶纪(2251)->重庆万盛黑山谷景区(3639)
2018,武隆——1日自由行推荐攻略（经济、实用、不跟团）,2018-12-09,https://you.ctrip.com/travels/wulong120015/3758251.html,重庆磁器口古镇(179)->渣滓洞(183)
2018,重庆人民大礼堂，不仅是亚洲经典建筑，也是西南大区在重庆的标志,2018-12-15,https://you.ctrip.com/travels/chongqing158/3759721.html,重庆磁器口古镇(213)->解放碑(217)->重庆洪崖洞民俗风貌区(221)->重庆长江索道景区(225)->重庆人民大礼堂及人民广场(264)->重庆中国三峡博物馆(1076)
2018,重庆|畅游魔幻之都，教你怎么在一天之内打卡重庆所有网红景点,2018-07-31,https://you.ctrip.com/travels/chongqing158/3708538.html,重庆磁器口古镇(223)->重庆磁器口古镇(320)->嘉陵江(359)->李子坝(1303)->长江大桥(1554)->李子坝轻轨(1663)->解放碑(1925)->重庆洪崖洞民俗风貌区(1935)->人民英雄纪念碑(1950)->千厮门大桥(2791)->九街(3053)->重庆观音桥商圈都市旅游区(3115)->观音桥步行街(3176)->步行街(3179)
2018,逛吃重庆特色，不走冤枉路！,2018-07-20,https://you.ctrip.com/travels/chongqing158/3702162.html,重庆磁器口古镇(241)->白公馆(370)->渣滓洞(374)->乐山大佛景区(431)->重庆鹅岭公园(697)->贰厂(704)->皇冠大扶梯(707)->解放碑(880)->重庆洪崖洞民俗风貌区(884)->千厮门大桥(888)->李子坝(1205)
2018,打卡网红城市重庆，一日游攻略~,2018-10-28,https://you.ctrip.com/travels/chongqing158/3745551.html,重庆磁器口古镇(246)->重庆南岸长嘉汇弹子石老街(253)->重庆洪崖洞民俗风貌区(260)->重庆南滨路景区(1168)
2018,山城重庆必游景点合辑,2018-08-30,https://you.ctrip.com/travels/chongqing158/3723393.html,重庆磁器口古镇(31)->四川美术学院(42)->渣滓洞(96)->乐山大佛景区(124)->白公馆(230)->十八梯(466)->朝天门(759)->洋人街(820)->嘉陵江(859)
2018,重庆美食一日吃，吃货旅行必看,2018-07-25,https://you.ctrip.com/travels/chongqing158/3706573.html,重庆磁器口古镇(351)->解放碑(359)->八一好吃街(365)->重庆洪崖洞民俗风貌区(373)->嘉陵江大桥(381)->皇冠大扶梯(389)->李子坝(1887)->重庆长江索道景区(1921)
2018,中秋重庆抖音打卡地集锦，随手一拍就是一个热门！,2018-09-22,https://you.ctrip.com/travels/chongqing158/3731868.html,重庆磁器口古镇(366)->乐山大佛景区(705)->渣滓洞(708)->白公馆(712)->观音桥步行街(1210)->步行街(1213)->解放碑(1217)->重庆长江索道景区(1283)->重庆南岸南山桃花园景区(1455)->重庆洪崖洞民俗风貌区(1561)->千厮门大桥(1728)->朝天门(1770)->嘉陵江(1873)->重庆大剧院(1918)->洋人街(1971)->重庆南岸长嘉汇弹子石老街(1984)
2018,本地人给你推荐两个重庆打卡网红地，刺激、好玩、好看、还好吃！,2018-08-04,https://you.ctrip.com/travels/chongqing158/3712480.html,重庆磁器口古镇(7)->重庆磁器口古镇(146)->嘉陵江(210)->宝轮寺(486)->白坪一飞龙旅游区(1088)->奥陶纪(2058)->重庆万盛黑山谷景区(3451)
2018,近水楼台先得渝！五天五夜，从重庆沿长江直下，带你玩嗨最美魔都！,2018-09-21,https://you.ctrip.com/travels/chongqing158/3731740.html,重庆统景温泉风景区(297)->重庆南川金佛山景区(439)->峨眉山风景名胜区(537)->青城山—都江堰旅游景区(541)->重庆缙云山景区(545)->重庆丰都名山风景区(555)->朝天门(910)->丰都鬼城(1071)->重庆忠县石宝寨(1458)->夔门(1728)
2018,《情与旅》为了一顿火锅--枕江而眠,2018-10-10,https://you.ctrip.com/travels/chongqing158/3738083.html,重庆缙云山景区(278)->嘉陵江(309)->重庆合川钓鱼城景区(318)->重庆涪陵巴山夜雨休闲旅游区(494)->十八梯(2106)->朝天门(2216)->夔门(2567)
2018,最HǎO吃的重庆，最H&#224;O吃的我们,2018-12-31,https://you.ctrip.com/travels/chongqing158/3764032.html,重庆观音桥商圈都市旅游区(1435)->步行街(1438)->李子坝(2394)->二厂(3048)->二厂文创公园(3086)->贰厂(3231)->重庆洪崖洞民俗风貌区(4526)->嘉陵江(6101)->千厮门大桥(6107)->重庆磁器口古镇(6412)->重庆磁器口古镇(6898)->解放碑(8967)->九街(10335)->四川美术学院(10674)->四川美术学院(10752)->南山一棵树(12707)->观音桥好吃街(13701)->十八梯(14428)->纯阳老酒馆(14905)->小酒馆(15093)
2018,綦江花坝：跟主城的40&#176;高温说再见，走“重庆香格里拉”享夏日浪漫！,2018-07-28,https://you.ctrip.com/travels/chongqing158/3708646.html,重庆观音桥商圈都市旅游区(1860)->重庆观音桥商圈都市旅游区(1926)
2018,【重庆周末游】火辣辣的山城，火辣辣的火锅,2018-11-06,https://you.ctrip.com/travels/chongqing158/3747917.html,重庆观音桥商圈都市旅游区(389)->重庆洪崖洞民俗风貌区(393)->重庆大韩民国临时政府旧址陈列馆(397)->解放碑(1299)->嘉陵江(1311)->重庆磁器口古镇(1982)->观音桥步行街(3951)->步行街(3954)->重庆观音桥商圈都市旅游区(4809)->九街(5316)->兰桂坊(5372)
2018,重庆的江南水乡长寿菩提古镇,2018-11-03,https://you.ctrip.com/travels/chongqing158/3747367.html,重庆长寿菩提古镇文化旅游区(18)->长寿古镇(280)->遂宁市龙凤景区(909)
2018,逛逛重庆打卡地,2018-11-03,https://you.ctrip.com/travels/chongqing158/3747175.html,重庆长江索道景区(218)->重庆洪崖洞民俗风貌区(240)->重庆磁器口古镇(246)->解放碑(250)->朝天门(320)->重庆大足石刻景区(335)->嘉陵江(581)->重庆磁器口古镇(586)->石井坡(638)->宝轮寺(672)->李子坝(2215)->春熙路(2591)->步行街(2662)->朝天门广场(4033)->宝顶山(4999)
2018,重庆与成都，那是关于七年的青春,2018-09-09,https://you.ctrip.com/travels/chongqing158/3726938.html,重庆长江索道景区(485)->解放碑(823)->重庆洪崖洞民俗风貌区(881)->千厮门大桥(1402)->重庆南岸南山桃花园景区(1592)->南滨公园(1781)->重庆南滨路景区(1894)->长江大桥(1993)->奥陶纪(2037)->宽窄巷子(3216)->小酒馆(4632)
2018,走马观花，不到100元的重庆一日闲游,2018-11-28,https://you.ctrip.com/travels/chongqing158/3754492.html,重庆长江索道景区(513)->朝天门(767)->重庆洪崖洞民俗风貌区(906)->解放碑(1108)->步行街(1253)->李子坝(1323)->重庆磁器口古镇(1344)->皇冠大扶梯(1456)->重庆磁器口古镇(1562)
2018,"初冬,来一场微微辣的重庆",2018-12-23,https://you.ctrip.com/travels/chongqing158/3762015.html,重庆长江索道景区(53)->重庆洪崖洞民俗风貌区(65)->李子坝(122)->重庆鹅岭公园(129)->二厂(131)->李子坝轻轨(495)->佛图关(690)->重庆鹅岭公园(841)->解放碑(1131)->渣滓洞(1570)->白公馆(1574)->重庆磁器口古镇(1578)->重庆磁器口古镇(1595)->南山一棵树(2008)->皇冠大扶梯(2137)->千厮门大桥(2579)
2018,周末两日游，原来印象中的山城重庆还是有“天空之城”的名片,2018-08-13,https://you.ctrip.com/travels/chongqing158/3716283.html,重庆长江索道景区(54)->重庆洪崖洞民俗风貌区(131)->奥陶纪(155)->四川美术学院(929)->重庆美术馆(1324)->解放碑(2118)->八一路好吃街(2378)->嘉陵江大桥(2608)->东水门(2647)->长江大桥(2650)->重庆万盛黑山谷景区(3285)->重庆观音桥商圈都市旅游区(5674)
2018,山城，尽在不言中丨重庆独行记忆,2018-12-21,https://you.ctrip.com/travels/chongqing158/3761900.html,重庆长江索道景区(772)->朝天门(803)->嘉陵江(819)->朝天门广场(2087)->重庆洪崖洞民俗风貌区(2260)->步行街(2385)->千厮门大桥(2488)->解放碑(2650)->四川美术学院(3088)->四川美术学院(3094)
2018,胖子的吃货游记，重庆美景美食推荐,2018-07-25,https://you.ctrip.com/travels/chongqing158/3706118.html,重庆长江索道景区(97)->嘉陵江(188)->朝天门(321)->嘉陵江大桥(327)->长江大桥(347)->重庆洪崖洞民俗风貌区(369)->朝天门大桥(377)->重庆南岸南山桃花园景区(703)->重庆南滨路景区(796)->重庆大剧院(891)->解放碑(1050)->千厮门大桥(1110)->会仙楼(1397)->枇杷山(2806)
2018,如何在成都过一个文艺范十足的周末！,2018-09-30,https://you.ctrip.com/travels/chengdu104/3735036.html,钟书阁(517)->成都远洋太古里(1147)->太古里(1151)->IFS(1208)->大慈寺(1266)->成都大悦城(1585)->春熙路(2136)->宽窄巷子(6786)
2018,蜀中行,2018-07-23,https://you.ctrip.com/travels/chengdu104/3705215.html,锦里(1039)->宽窄巷子(1133)->重庆动物园(1322)->成都杜甫草堂博物馆(1755)->浣花溪(1944)->乐山大佛景区(2646)->重庆潼南大佛寺(2901)->乐山东方佛都旅游区(3225)->南充市凌云山景区(3258)->峨眉山风景名胜区(3520)->资阳乐至龙门报国寺(3555)->宝瓶口(4782)->青城山—都江堰旅游景区(4950)->泰安古镇(5107)->青城后山(5239)->飞泉沟(5316)->四川美术学院(5841)->四川广汉三星堆博物馆(6323)->嘉陵江(8011)
2018,成都48h指南：吃喝玩乐全搞定，满足你的时尚品味,2018-11-06,https://you.ctrip.com/travels/chengdu104/3747798.html,锦里(139)->文殊院(153)->九眼桥(165)->成都远洋太古里(181)->太古里(185)->春熙路(652)->成都武侯祠博物馆(877)
2018,【时光匆匆再遇蓉城】花式游成都感受新旧文化的万象交融！,2018-09-21,https://you.ctrip.com/travels/chengdu104/3731565.html,锦里(172)->人民公园(182)->太古里(778)->春熙路(781)->成都武侯祠博物馆(1679)->宽窄巷子(1836)->步行街(2071)->IFS(3870)
2018,成都，都是当地人吃的网红“苍蝇馆子”推荐，平均排队二小时！,2018-11-29,https://you.ctrip.com/travels/chengdu104/3755120.html,锦里(24)->宽窄巷子(27)->成都杜甫草堂博物馆(32)->大慈寺(398)->太古里(883)->春熙路(910)->步行街(1088)->九眼桥(1276)->小酒馆(1539)->成都吃客(3675)
2018,三天两夜狂吃成都—打探网红美食店,2018-12-11,https://you.ctrip.com/travels/chengdu104/3758744.html,锦里(55)->成都吃客(114)->春熙路(985)->IFS(1084)->宽窄巷子(2421)->大慈寺(2466)->文殊院(2470)->太古里(2536)->人民公园(2952)->九眼桥(3023)
2018,成都，带不走的是我，那让我留在这里吃个够,2018-12-16,https://you.ctrip.com/travels/chengdu104/3760444.html,锦里(555)->成都武侯祠博物馆(621)->步行街(649)->宽窄巷子(2232)->天府广场(2255)->人民公园(2260)->大慈寺(2446)->文殊院(2450)->成都大熊猫繁育研究基地(3748)->太古里(6445)->成都吃客(6468)->春熙路(8361)
2018,江城山城独行2,2018-12-08,https://you.ctrip.com/travels/china110000/3758082.html,长江大桥(363)->解放碑(564)->步行街(567)->朝天门(619)->重庆洪崖洞民俗风貌区(743)->嘉陵江大桥(750)->李子坝(928)->四川美术学院(1016)->重庆磁器口古镇(1294)
2018,秋游三峡最美时，红叶巫山连神女也相恋,2018-11-16,https://you.ctrip.com/travels/wushan120018/3751227.html,长江大桥(907)->重庆中国三峡博物馆(1934)->达州市渠县文峰山文化旅游景区(2674)
2018,从巴山到巫山，从汉水到汉江，6000里江山如画------郑州三口之家陕、川、鄂三省自,2018-07-30,https://you.ctrip.com/travels/youyouctripstar10000/3709211.html,阆中古城(136)->重庆云阳张飞庙(1969)->嘉陵江(1980)->锦屏山3A级景区(2377)->新繁东湖景区(4955)
2018,23天漫游之八——西安、阆中之行,2018-10-09,https://you.ctrip.com/travels/xian7/3737251.html,阆中古城(27)->资阳市乐至县慈恩寺旅游景区(2456)->阆中古城(2974)->嘉陵江(3064)->风水博物馆(3362)->锦屏山3A级景区(3681)->贡院(3742)->中天楼(3885)->汉桓侯祠(4025)->重庆云阳张飞庙(4037)
2018,阆中古城2日穿越游：一日树人生，一日享生活,2018-09-11,https://you.ctrip.com/travels/langzhong831/3727624.html,阆中古城(27)->阆中古城(72)->文庙(595)->贡院(1944)->重庆云阳张飞庙(3613)->中天楼(4793)->保宁醋文化博览园旅游景区(6583)
2018,阆苑仙镜、风水宝地，一座空气中弥漫着牛肉味和醋香的古城（成都周边游）,2018-08-27,https://you.ctrip.com/travels/langzhong831/3721349.html,阆中古城(6)->阆中古城(128)->保宁醋文化博览园旅游景区(278)->重庆潼南大佛寺(497)->嘉陵江(774)->嘉陵江大桥(1006)->中天楼(1868)->贡院(2264)->汉桓侯祠(3165)->重庆云阳张飞庙(3173)->状元洞(4017)->内江市隆昌县石牌坊旅游区(4746)
2018,金秋十月，和爸爸的九寨黄龙自驾行,2018-07-27,https://you.ctrip.com/travels/jiuzhaigou25/3708134.html,青城山—都江堰旅游景区(187)->九皇山(1481)->滨江路(1657)
2018,成都打卡指南——超全逛吃+民宿攻略,2018-09-10,https://you.ctrip.com/travels/chengdu104/3727182.html,青城山—都江堰旅游景区(27)->宽窄巷子(474)->奎星楼(613)->重庆丰都名山风景区(4119)->青城山—都江堰旅游景区(7578)
2018,那蓝天、那绿草、那甘南,2018-08-10,https://you.ctrip.com/travels/chengdu104/3711657.html,青城山—都江堰旅游景区(27)->宽窄巷子(70)->阆中古城(110)->成都杜甫草堂博物馆(156)->奎星楼(728)->大慈寺(1114)->文殊院(1118)->成都大熊猫繁育研究基地(1327)->成都武侯祠博物馆(1553)->锦里(1557)->重庆开州温泉仙女洞(4713)->步行街(5872)
2018,元旦去哪儿玩？成都市区最新最全的旅游攻略已为你备好，拿走不谢,2018-12-20,https://you.ctrip.com/travels/chengdu104/3761472.html,青城山—都江堰旅游景区(280)->成都杜甫草堂博物馆(288)->成都大熊猫繁育研究基地(494)->大慈寺(508)->太古里(516)->宽窄巷子(531)->天府广场(570)->人民公园(585)->成都吃客(594)->锦里(610)->四川大学(621)->文殊院(678)->塔子山(704)->解放碑(4078)->贡院(4214)->四川省图书馆(4591)->四川美术馆(4598)->四川美术学院(4599)->成都武侯祠博物馆(6962)->重庆大学(7608)->九眼桥(9402)->宜宾市流杯池公园(9443)->春熙路(11989)->小酒馆(14929)->四川广汉三星堆博物馆(15978)->青城山—都江堰旅游景区(16400)->乐山大佛景区(16412)
2018,成都72小时，如果你秋天来成都的话，不要错过这些地方,2018-11-24,https://you.ctrip.com/travels/chengdu104/3753596.html,青城山—都江堰旅游景区(290)->青城山—都江堰旅游景区(296)->峨眉山风景名胜区(302)->锦里(2494)->天府广场(2717)->太古里(2830)->IFS(3456)->大慈寺(3684)->春熙路(3769)->九眼桥(4308)->小酒馆(5110)->兰桂坊(5124)->成都麓湖水城景区(5165)->成都吃客(5484)->魁星楼(5576)->宽窄巷子(6124)->成都武侯祠博物馆(6229)
2018,四姑娘山-甲居藏寨-塔公-新都桥-泸定桥——暑假川西小环线自驾攻略,2018-08-13,https://you.ctrip.com/travels/kangding344/3715543.html,青城山—都江堰旅游景区(389)->宽窄巷子(708)->飞仙关旅游景区(2299)->重庆黔江官村景区(5679)
2018,两天两晚打卡成都当地人最爱的吉祥街,2018-12-04,https://you.ctrip.com/travels/chengdu104/3756425.html,青城山—都江堰旅游景区(61)->青城山—都江堰旅游景区(65)->成都武侯祠博物馆(69)->宽窄巷子(73)->奎星楼(175)->乐山大佛景区(3306)
2018,用萌妹子的角度游四川--重庆,2018-07-29,https://you.ctrip.com/travels/dujiangyan911/3708327.html,青城山—都江堰旅游景区(68)->宽窄巷子(110)->宝瓶口(697)->乐山大佛景区(1428)->峨眉山风景名胜区(2811)->解放碑(5158)->重庆磁器口古镇(5446)->重庆南岸南山桃花园景区(5452)->重庆巴南丰盛古镇(7252)
2018,自驾酉阳桃花源，穿越回古代做一个读书人,2018-08-27,https://you.ctrip.com/travels/youyang1903/3721433.html,龚滩古镇(132)->重庆洪崖洞民俗风貌区(1335)->重庆涪陵武陵山国家森林公园(1774)->重庆丰都雪玉洞景区(2621)->嘉陵江(2772)
2018,想了千年，我们在龚滩的浅山遇见,2018-12-27,https://you.ctrip.com/travels/chongqing158/3763335.html,龚滩古镇(156)->重庆涪陵巴山夜雨休闲旅游区(856)
2018,40度高温的火炉重庆，周末游正确打开方式,2018-07-25,https://you.ctrip.com/travels/chongqing158/3706941.html,龚滩古镇(2466)
2018,40度高温的火炉重庆，周末游正确打开方式,2018-07-21,https://you.ctrip.com/travels/wulong120015/3704520.html,龚滩古镇(2493)
2018,这个古镇曾是重庆的文化中心，徐悲鸿、傅抱石、丁肇中都曾住过,2018-12-13,https://you.ctrip.com/travels/chongqing158/3759257.html,龚滩古镇(250)->重庆渝北龙兴古镇景区(260)->重庆江津中山古镇(270)->重庆沙坪坝虎峰山景区(285)->安居古镇(290)->重庆永川松溉古镇(300)->重庆黔江濯水景区(310)->重庆磁器口古镇(403)->宝轮寺(642)->嘉陵江(880)->宽窄巷子(1445)
2018,国庆来重庆？不如避开人海去古镇散步,2018-09-29,https://you.ctrip.com/travels/chongqing158/3734191.html,龚滩古镇(27)->重庆洪崖洞民俗风貌区(134)->重庆磁器口古镇(138)->解放碑(142)->西秦会馆(637)->重庆江津白沙老重庆影视基地(1129)->朝天门(1168)->重庆江津黑石山风景区(1382)->重庆江津中山古镇(1830)->成都武侯祠博物馆(1904)->重庆北碚金刀峡景区(2496)->重庆沙坪坝虎峰山景区(2976)
