景区名,景区名称,城市
IFS,IFS,IFS
816工程,重庆涪陵816工程景区,涪陵
艾叶古镇,自贡市艾叶古镇,自贡市
爱莉丝庄园,重庆黔江爱莉丝庄园,黔江
爱情谷,江油百年好合爱情谷旅游景区,绵阳市
安居古城,重庆铜梁安居古城,铜梁
安居古镇,重庆铜梁安居古城,铜梁
安顺场,石棉县安顺场景区,雅安市
安顺廊桥,安顺廊桥,安顺廊桥
安陶博物馆,重庆荣昌安陶博物馆,荣昌
安岳石窟,安岳石窟.卧佛院,资阳市
奥陶纪,奥陶纪,奥陶纪
八尔湖,南部县八尔湖景区,南充市
八台山,达州市万源八台山旅游景区,达州市
八仙山,龙华镇八仙山立佛,宜宾市
八一好吃街,八一路好吃街,八一路好吃街
八一路好吃街,八一路好吃街,八一路好吃街
八一路街道,八一路好吃街,八一路好吃街
八一路小吃街,八一路好吃街,八一路好吃街
巴山大峡谷,宣汉县巴山大峡谷旅游景区,达州市
巴山夜雨,重庆涪陵巴山夜雨休闲旅游区,涪陵
巴岳山,巴岳山,巴岳山
芭拉胡,重庆黔江芭拉胡景区,黔江
白公祠,重庆忠县白公祠文博景区,忠县
白公馆,白公馆,白公馆
白鹤梁,重庆白鹤梁水下博物馆景区,涪陵
白鹿音乐小镇,白鹿音乐小镇,成都市
白鹿中法风情小镇,白鹿中法风情小镇,白鹿中法风情小镇
白马景区,泸州市古蔺县双沙镇白马景区,泸州市
白坪,白坪一飞龙旅游区,广安市
白沙老影视基地,重庆江津白沙老重庆影视基地,江津
白沙影视基地,重庆江津白沙老重庆影视基地,江津
白塔公园,白塔公园,白塔公园
百花潭,百花潭,百花潭
百里竹海,重庆梁平百里竹海,梁平区
斑竹林,斑竹林,成都市
宝顶山,重庆大足石刻景区,大足
宝光桂湖,成都市宝光桂湖文化旅游区,成都市
宝林博物馆,重庆渝北宝林博物馆,渝北
宝轮寺,重庆磁器口古镇,沙坪坝
宝瓶口,青城山—都江堰旅游景区,成都市
宝森农林,安岳县宝森农林旅游区,资阳市
宝山,宝山旅游区,成都市
宝兴县空石林,宝兴县空石林景区,雅安市
宝箴塞,武胜县宝箴塞,广安市
保和生态度假区,保和生态旅游度假区,资阳市
保宁醋,保宁醋文化博览园旅游景区,南充市
保税体验,重庆保税体验旅游景区,江北
堡川矿,广元堡川矿记忆景区,雅安市
报国寺,资阳乐至龙门报国寺,资阳市
北仓图书馆,北仓文创园,北仓文创园
北仓文创园,北仓文创园,北仓文创园
北辰湖公园,北辰湖公园,广安市
北川羌城,北川羌城旅游区,绵阳市
北湖公园,南充市北湖公园,南充市
北泉,重庆北泉风景区,北碚
北山石刻,重庆大足石刻景区,大足
贝迪颐园温泉,重庆贝迪颐园温泉度假区,九龙坡
碧峰峡,碧峰峡旅游景区,雅安市
碧荷园,绵阳市安州区环湖碧荷园景区,绵阳市
碧水蓝天,绵阳市碧水蓝天旅游景区,绵阳市
碧瑶湾,碧瑶湾旅游景区,达州市
滨江路,滨江路,滨江路
僰王山,僰王山风景名胜区,宜宾市
布拉格,南充市南部县布拉格景区,南充市
擦耳桃源,擦耳桃源旅游景区,南充市
彩灯博物馆,中国彩灯博物馆,自贡市
彩灯大世界,中华彩灯大世界,自贡市
蚕桑乐园,瑞福蚕桑乐园,达州市
藏茶世界,雨城区藏茶世界景区,雅安市
曾家岩书院,曾家岩书院,曾家岩书院
茶兰,四川邛崃茶兰景区,成都市
茶山竹海,重庆永川茶山竹海旅游景区,永川
茶溪谷,都江堰市茶溪谷旅游景区,成都市
昌州古城,昌州古城,昌州古城
朝天门,来福士广场,来福士广场
朝天门大桥,朝天门长江大桥,朝天门长江大桥
朝天门广场,来福士广场,来福士广场
潮乡村,仪陇县新政镇安溪潮乡村旅游景区,南充市
陈独秀旧居陈列馆,重庆江津陈独秀旧居陈列馆,江津
陈抟故里,重庆市潼南区陈抟故里景区,潼南
陈毅故里,资阳市陈毅故里景区,资阳市
晨曦森林,涪城区晨曦森林度假村旅游景区,绵阳市
成都大熊猫繁育研究基地,成都大熊猫繁育研究基地,成都市
成都欢乐谷,成都欢乐谷,成都市
成都环球中心,成都环球中心,成都环球中心
成都建川博物馆,成都市建川博物馆聚落,成都市
成都鹪鹩人文精品酒店,成都鹪鹩人文精品酒店,成都鹪鹩人文精品酒店
成都锦城公园,成都锦城公园,成都锦城公园
成都玉林路,成都玉林路,成都玉林路
成都战役纪念馆,成都战役纪念馆,成都市
成佳茶乡,成佳茶乡旅游景区,成都市
城市湿地公园,仁寿城市湿地公园,眉山市
橙乡烟山,南充市高坪橙乡烟山旅游景区,南充市
崇州街子古镇,成都崇州街子古镇,成都市
崇州市博物馆,崇州市博物馆,成都市
川菜博物馆,成都市川菜博物馆,成都市
川菜体验园,中国川菜体验园景区,成都市
川剧院,川剧院,川剧院
川美,四川美术学院,四川美术学院
川西关口,川西关口景区,德阳市
川西竹海,川西竹海景区,成都市
春风里,叙州区春风里景区,宜宾市
春秋祠,泸州叙永县春秋祠,泸州市
春熙路,春熙路,春熙路
春驿花园,春驿花园景区,眉山市
纯阳观,成都市新津纯阳观景区,成都市
慈恩寺,资阳市乐至县慈恩寺旅游景区,资阳市
磁器口,重庆磁器口古镇,沙坪坝
磁器口古镇,重庆磁器口古镇,沙坪坝
萃屏公园,东兴老街,内江市
翠屏山,翠屏区翠屏山景区,宜宾市
翠映湖,青城山—都江堰旅游景区,成都市
大川河,大川河旅游景区,雅安市
大慈寺,大慈寺,大慈寺
大地艺术,四川盆底-大地艺术景区,德阳市
大佛寺,重庆潼南大佛寺,潼南
大韩民国,重庆大韩民国临时政府旧址陈列馆,渝中
大黑洞,泸州市古蔺县大黑洞风景区,泸州市
大裂谷,重庆涪陵武陵山大裂谷景区,涪陵
大林镇,天府新区大林镇翠湖梨乡,成都市
大洛水码头,大洛水码头,大洛水码头
大妙荷花,宜宾市大妙荷花景区,宜宾市
大木花谷,重庆涪陵大木花谷林下花园景区,涪陵
大瀑布群,重庆万州大瀑布群旅游区,万州
大千园,内江大千园旅游景区,内江市
大千纸故里,乐山市大千纸故里研学园,乐山市
大深南海,南充市大深南海旅游景区,南充市
大熊猫繁育研究基地,成都大熊猫繁育研究基地,成都市
大熊猫月亮产房,大熊猫月亮产房,大熊猫月亮产房
大雅文化,大雅文化旅游景区,眉山市
大雁岭,宜宾市高县大雁岭旅游景区,宜宾市
大悦城,成都大悦城,成都市
大云山,大云山景区,广安市
大足石刻,重庆大足石刻景区,大足
丹景山,成都市彭州丹景山旅游景区,成都市
丹棱?桃花源,丹棱?桃花源,眉山市
丹棱桃花源,萃屏公园,广安市
弹子石,重庆南岸长嘉汇弹子石老街,南岸
弹子石老街,重庆南岸长嘉汇弹子石老街,南岸
稻虾乐园,稻虾乐园景区,德阳市
稻香湾,稻香湾梦幻田园景区,眉山市
德园,南充市仪陇县德园景区,南充市
邓池沟,蜂桶寨邓池沟景区,雅安市
邓小平故里,邓小平故里旅游区,广安市
帝源,帝源生态农场,达州市
巅峰乐园,重庆巅峰乐园,重庆巅峰乐园
钓鱼城,重庆合川钓鱼城景区,合川
叠翠坪,沙湾区叠翠坪休闲度假中心,乐山市
叠翠溪,龙苍沟叠翠溪景区,雅安市
蝶彩花卉,蝶彩花卉景区,眉山市
东方佛都,乐山东方佛都旅游区,乐山市
东方生态博览园,逐宁市大英县东方生态博览园,遂宁市
东风堰,乐山市夹江县东风堰-千佛岩景区,乐山市
东汉醪糟,东汉醪糟旅游景区,达州市
东湖,新繁东湖景区,成都市
东郊记忆,东郊记忆,成都市
东拉山,东拉山大峡谷,雅安市
东来桃源,南充市高坪区金凤山旅游景区,南充市
东坡区惠川,东坡区惠川景区,眉山市
东水门,东水门长江大桥,东水门长江大桥
东温泉,重庆东温泉风景区,巴南
东西关钓鱼城,东西关钓鱼城,广安市
东兴老街,乐山市天工开物文化旅游景区,乐山市
董允坝伞乡,泸州市江阳区董允坝伞乡景区,泸州市
动物园,重庆动物园,九龙坡
洞亭火锅,洞亭火锅,洞亭火锅
都江堰,青城山—都江堰旅游景区,成都市
窦圌山,绵阳市江油窦圌山风景区,绵阳市
杜甫草堂,成都杜甫草堂博物馆,成都市
段家大院,德阳段家大院子川西古民居园区,德阳市
峨城山,达州市宣汉县峨城山旅游景区,达州市
峨凤岭,华蓥山峨凤岭森林农庄,广安市
峨眉山,峨眉山风景名胜区,乐山市
峨山老窖,峨山老窖景区,眉山市
鹅岭,重庆鹅岭公园,渝中
鹅岭公园,重庆鹅岭公园,渝中
鳄鱼中心,重庆市鳄鱼中心,渝北
二厂,重庆鹅岭公园,渝中
二厂文创公园,重庆鹅岭公园,渝中
贰厂,重庆鹅岭公园,渝中
范长江文化园,内江市范长江文化旅游园区,内江市
梵高星空艺术馆,梵高星空艺术馆,梵高星空艺术馆
芳邻路酒吧一条街,芳邻路酒吧一条街,芳邻路酒吧一条街
放牛坪,重庆渝北放牛坪景区,渝北
飞鸿滑草场,绵阳北川飞鸿滑草场景区,绵阳市
飞龙,白坪一飞龙旅游区,广安市
飞泉沟,青城山—都江堰旅游景区,成都市
飞仙关,飞仙关旅游景区,雅安市
飞云温泉,开江县飞云温泉景区,达州市
非物质文化遗产博览园,国际非物质文化遗产博览园,成都市
翡翠湖,重庆梁平百里竹海,梁平区
丰都鬼城,重庆丰都名山风景区,丰都
丰盛古镇,重庆巴南丰盛古镇,巴南
风水博物馆,阆中古城,南充市
凤凰湖,泸州市凤凰湖旅游景区,泸州市
凤凰花果山,重庆万州凤凰花果山景区,万州
凤鸣会步,马边凤鸣会步景区,乐山市
伏龙观,青城山—都江堰旅游景区,成都市
芙蓉园,成都市武侯区天府芙蓉园景区,成都市
佛宝森林公园,佛宝森林公园,泸州市
佛来山,宜宾市长宁县佛来山旅游景区,宜宾市
佛罗伦萨,成都佛罗伦萨小镇,成都市
佛山橘海,佛山橘海.橘乐田园景区,资阳市
佛图关,佛图关公园,佛图关公园
佛图关公园,佛图关公园,佛图关公园
福音堂,江北区福音堂,江北区福音堂
富乐山,绵阳富乐山景区,绵阳市
富民新村,大寨乡富民新村旅游景区,泸州市
富顺文庙,富顺文庙·西湖景区,自贡市
甘海子,甘海子,甘海子
高峰山,高峰山景区,遂宁市
高庙坝,重庆綦江高庙坝生态旅游区,江津
高庙古镇,高庙古镇,高庙古镇
高桥竹村,翠屏区高桥竹村景区,宜宾市
歌乐山国家森林公园,重庆歌乐山森林公园,沙坪坝
歌乐山烈士陵园,重庆歌乐山烈士陵园,渝中
歌乐山森林公园,重庆歌乐山森林公园,沙坪坝
根书艺术馆,中国根书艺术馆,乐山市
龚滩,龚滩,龚滩
龚滩古镇,龚滩古镇,龚滩古镇
贡院,贡院,贡院
贡院民俗广场,贡院民俗广场,贡院民俗广场
古佛顶,古佛顶旅游景区,内江市
古红桔,重庆万州古红桔主题公园,万州
古剑山,重庆綦江古剑山风景区,綦江
古今花海,重庆涪陵古今花海景区,涪陵
古郎,古郎景区,泸州市
古宇湖区,隆昌县古宇湖旅游区,内江市
古宇渔村,隆昌市古宇渔村景区,内江市
关岳庙,重庆关岳庙,重庆关岳庙
观音故里,遂宁市中国观音故里旅游区,遂宁市
观音湖,观音湖湿地公园旅游景区,遂宁市
观音桥,重庆观音桥商圈都市旅游区,江北
观音桥步行街,重庆观音桥商圈都市旅游区,江北
观音桥好吃街,重庆观音桥商圈都市旅游区,江北
观音桥商圈,重庆观音桥商圈都市旅游区,江北
观音山,达州市宣汉县观音山森林公园,达州市
观音塘,重庆璧山观音塘湿地公园,璧山
官村,重庆黔江官村景区,黔江
灌县古城,灌县古城,成都市
广汉房湖,广汉房湖景区,德阳市
广益中学,重庆市广益中学校园景区,南岸
桂花博览园,重庆铜梁桂花博览园,铜梁
桂花湖,桂花湖景区,眉山市
桂园,桂园,桂园
滚子坪,重庆江津滚子坪景区,江津
郭沫若故居,乐山市郭沫若故居,乐山市
国际非物质文化遗产博览园,国际非物质文化遗产博览园,成都市
国际会议展览中心,国际会议展览中心,国际会议展览中心
国际慢城,成都市祟州市天府国际慢城景区,成都市
国瑞皓峰,国瑞皓峰景区,眉山市
国色天乡乐园,成都国色天乡乐园,成都市
国泰艺术中心,国泰艺术中心,国泰艺术中心
果城花乡,宜宾市果城花乡景区,宜宾市
哈曲解放彝寨,峨边县哈曲解放彝寨,乐山市
海滨城,成都市双流区海滨城景区,成都市
海昌极地海洋世界,成都市海昌极地海洋世界景区,成都市
海兰云天,重庆海兰云天温泉度假区,九龙坡
海石公园,重庆海石公园,沙坪坝
海滩公园,泸州欢乐派海滩公园,泸州市
海棠香国,重庆大足海棠香国历史文化风情城,大足
汉丰湖,重庆开州汉丰湖景区,开州
汉海海洋公园,重庆汉海海洋公园,巴南
汉桓侯祠,阆中古城,南充市
汉姜古城,汉姜古城旅游景区,雅安市
汉亭生态农业观光园,汉亭生态农业观光园,达州市
汉旺地震遗址,绵竹汉旺地震遗址公园,德阳市
汉阳湖,汉阳湖景区,眉山市
汉源体育公园,雅安汉源体育公园,雅安市
好秾人,好秾人有机农庄,成都市
荷和原乡,荷和原乡,铜梁
荷花博览园,世界荷花博览园,遂宁市
荷花谷,荷花谷旅游景区,内江市
荷花山庄,重庆大足荷花山庄,大足
鹤鸣茶社,鹤鸣茶社,鹤鸣茶社
鹤鸣山,高坪区鹤鸣山旅游景区,南充市
黑龙滩,黑龙滩旅游景区,眉山市
黑山谷,重庆万盛黑山谷景区,万盛
黑石山,重庆江津黑石山风景区,江津
黑竹沟,乐山市黑竹沟风景区,乐山市
黑竹沟底底古彝寨,峨边县黑竹沟底底古彝寨,乐山市
黑竹沟彝寨,峨边县黑竹沟底底古彝寨,乐山市
横江古镇,宜宾横江古镇景区,宜宾市
红仓,红仓?完美文创产业园,成都市
红草坪,名山区红草坪景区,雅安市
红花源,绵阳市安州区红花源景区,绵阳市
红军村,天全县红军村景区,雅安市
红军第二路游击队烈士陵园,涪陵四川红军第二路游击队烈士陵园,涪陵
红军公园,万源市红军公园旅游景区,达州市
红军烈士纪念园,阖中市红军烈士纪念园,南充市
红军烈士墓,重庆綦江石壕红军烈士墓,綦江
红岩革命纪念馆,重庆红岩革命纪念馆,渝中
红岩魂陈列馆,红岩魂陈列馆,红岩魂陈列馆
红岩魂广场,红岩魂陈列馆,红岩魂陈列馆
红岩山,宜宾高县胜天红岩山旅游景区,宜宾市
红岩柿子,四川江安红岩柿子部落旅游景区,宜宾市
虹口,南部县升钟湖旅游景区,南充市
洪谟故里,长宁县洪谟故里景区,宜宾市
洪崖洞,重庆洪崖洞民俗风貌区,渝中
鸿恩寺,鸿恩寺,鸿恩寺
胡坝,翠屏区幸福?胡坝景区,宜宾市
湖广会馆,重庆湖广会馆,渝中
蝴蝶谷,安州区枣皮走廊·蝴蝶谷景区,绵阳市
虎峰山,重庆沙坪坝虎峰山景区,九龙坡
护国运动,护国运动文化园区,泸州市
花城果乡,安州区花城果乡旅游景区,绵阳市
花房子,大竹县花房子景区,达州市
花海果乡,花海果乡旅游景区,雅安市
花好动物园,花好动物园生态观光动物园,南充市
花椒博览园,中国花椒博览园,雅安市
花漫水乡,花漫水乡景区,内江市
花熳天下,花熳天下景区,成都市
花木编艺公园,寿安花木编艺公园,成都市
花千谷,重庆云阳县香盟花千谷景区,云阳
花山公园,重庆南川花山公园,南川
花水湾,成都市花水湾温泉度假旅游区,成都市
花田酒地,清溪谷花田酒地景区,泸州市
花舞人间,成都市花舞人间旅游景区,成都市
花坞,什邡市花坞.御景园景区,德阳市
花溪谷,天府花溪谷,成都市
花溪曙光,金口河区花溪曙光旅游景区,乐山市
花香果居,新都花香果居旅游景区,成都市
花香田园,花香田园景区,自贡市
华生园,重庆华生园金色蛋糕梦幻王国景区,大渡口
华生园金色蛋糕梦幻王国,重庆华生园金色蛋糕梦幻王国景区,大渡口
华岩旅游区,重庆华岩旅游区,九龙坡
华蓥山,广安华蓥山旅游区,广安市
滑石古寨,重庆梁平滑石古寨景区,梁平
浣花溪,浣花溪,浣花溪
皇冠大扶梯,皇冠大扶梯,皇冠大扶梯
黄鹤湖,市中区黄鹤湖旅游区,内江市
黄花园大桥,黄花园大桥,黄花园大桥
黄继光纪念馆,黄继光纪念馆,德阳市
黄荆老林,黄荆老林,泸州市
黄桷树公园,邻水县黄桷树公园,广安市
黄桷湾立交桥,黄桷湾立交桥,黄桷湾立交桥
黄龙溪,成都市双流区黄龙溪旅游区,成都市
黄山蒋介石官邸,黄山蒋介石官邸,黄山蒋介石官邸
会龙庄,重庆江津会龙庄景区,江津
会仙楼,重庆会仙楼,重庆会仙楼
火箭湖,瑞鑫火箭湖旅游景区,自贡市
际华园,重庆际华园景区,渝北
继勋公园,继勋公园,遂宁市
加勒比海水世界,重庆加勒比海水世界景区,南岸
嘉陵第一桑梓,嘉陵第一桑梓风景区,南充市
嘉陵江大桥,嘉陵江大桥,嘉陵江大桥
嘉西村,重庆渝中嘉西村—怡园景区,綦江
尖山风,自贡市尖山风景区,自贡市
犍为文庙,犍为文庙,乐山市
建川博物馆,建川博物馆,建川博物馆
剑南老街,剑南老街,德阳市
江池横梁,重庆丰都江池横梁景区,丰都
江油佛爷洞,绵阳市江油佛爷洞旅游景区,绵阳市
酱文化博览园,江油市中国酱文化博览园,绵阳市
教育博物馆,重庆綦江教育博物馆,綦江
解放碑,解放碑,解放碑
金刀峡,重庆北碚金刀峡景区,北碚
金蝶湖,重庆万盛金蝶湖文化公园景区,万盛
金凤山,金凤山景区,雅安市
金佛山,重庆南川金佛山景区,南川
金口大峡谷,金口河区大渡河金口大峡谷旅游景区,乐山市
金兰花谷,金兰花谷,宜宾市
金梅印象,重庆铜梁金梅印象景区,铜梁
金盆地酒文化,四川金盆地酒文化博览园,成都市
金秋湖,翠屏区金秋湖茶博园景区,宜宾市
金色清平,金色清平景区,德阳市
金沙遗址,成都金沙遗址博物馆,成都市
金山寺,开江金山寺旅游景区,达州市
金鹰山荘,乐山金鹰山荘,乐山市
金钟山,月亮湾.金钟山景区,雅安市
锦里,锦里,锦里
锦门,成都市锦门景区,成都市
锦屏山,锦屏山3A级景区,宜宾市
进士文化,南充市营山县进士文化旅游景区,南充市
缙云山,重庆缙云山景区,北碚
净音寺,净音寺,净音寺
静观花木,重庆北碚静观花木生态旅游区,北碚
九凤山,重庆九龙坡九凤山景区,万州
九皇山,九皇山,绵阳市
九街,九街,九街
九龙山,成都市虹口旅游景区,成都市
九五,重庆万县“九五”惨案纪念馆,万州
九眼桥,九眼桥,九眼桥
九重天,重庆丰都九重天景区,丰都
九子山,九子山旅游景区,宜宾市
橘乐田园,佛山橘海.橘乐田园景区,资阳市
橘香小镇,橘香小镇,宜宾市
橘源,仪陇县橘源旅游景区,南充市
巨石阵,宜宾市兴文县僰人巨石阵景区,宜宾市
君兰天下,华蓥市君兰天下生态文化园,广安市
开州博物馆,重庆开州博物馆,开州
恺之峰,重庆垫江恺之峰旅游区,垫江
抗战名人,重庆沙坪坝抗战名人旧居,沙坪坝
抗战遗址博物馆,重庆抗战遗址博物馆,南岸
可久红岩山,高县可久红岩山旅游景区,宜宾市
恐龙博物馆,自贡恐龙博物馆,自贡市
苦竹,苦竹?天泉景区,宜宾市
苦竹.天泉景区,苦竹?天泉景区,宜宾市
宽窄巷子,宽窄巷子,成都市
奎星楼,奎星楼,奎星楼
魁星楼,魁星楼,魁星楼
夔门,夔门,夔门
喇叭河,雅安喇叭河森林公园,雅安市
来福士,来福士广场,来福士广场
涞滩古镇,重庆合川涞滩古镇,合川
兰桂坊,兰桂坊,兰桂坊
岚苑,重庆市南岸岚苑景区,南岸
蓝月谷,蓝月谷,蓝月谷
阆中,阆中古城,南充市
阆中古城,阆中古城,南充市
阆中文庙,阆中文庙,南充市
老北街,老北街,老北街
老峨山,老峨山景区,眉山市
老河沟,平武县老河沟景区,绵阳市
老君山,老君山,老君山
老瀛山,重庆綦江国家地质公园老瀛山景区,綦江
乐和乐都,重庆乐和乐都景区,永川
乐山,乐山大佛景区,乐山市
乐山大佛,乐山大佛景区,乐山市
乐山乌木文化博览苑,乐山乌木文化博览苑,乐山乌木文化博览苑
乐天花谷,乐天花谷,乐天花谷
乐贤半岛,乐贤半岛旅游区,内江市
雷畅故居,雷畅故居景区,乐山市
雷公山,南溪区雷公山景区,宜宾市
黎明村,仪陇县黎明村旅游景区,南充市
黎香湖,重庆南川黎香湖湿地生态园,南川
李白故居,绵阳市江油李白故居旅游景区,绵阳市
李白纪念馆,江油李白纪念馆景区,绵阳市
李冰文化,李冰文化旅游景区,德阳市
李花源,重庆垫江李花源景区,垫江
李蔚如故里,重庆涪陵李蔚如故里,涪陵
李庄古镇,宜宾市李庄古镇,宜宾市
李子坝,李子坝轻轨,李子坝轻轨
李子坝公园,李子坝公园,李子坝公园
李子坝抗战遗址公园,李子坝公园,李子坝公园
李子坝轻轨,李子坝轻轨,李子坝轻轨
连二里市,成都连二里市旅游景区,成都市
凉水湾,兴文县凉水湾景区,宜宾市
梁平柚海,重庆中华梁平柚海,梁平
两弹城,绵阳市梓潼县两弹城旅游景区,绵阳市
两江国际影视城,重庆两江国际影视城,渝北
临江寺,雁江区临江寺?川味源文化旅游景区,资阳市 
灵关石城,灵关石城旅游景区,雅安市
苓茏苑,重庆北碚西山坪苓茏苑,北碚
凌云山,南充市凌云山景区,南充市
岭上花开,岭上花开农业公园,德阳市
刘伯承同志纪念馆,重庆开州刘伯承同志纪念馆,开州
刘氏庄园,刘氏庄园旅游区,成都市
流杯池,宜宾市流杯池公园,宜宾市
鎏嘉码头,重庆鎏嘉码头景区,江北
柳江古镇,柳江古镇旅游景区,眉山市
龙苍沟,龙苍沟叠翠溪景区,雅安市
龙茶花海,宜宾市珙县龙茶花海景区,宜宾市
龙凤,遂宁市龙凤景区,遂宁市
龙缸,重庆云阳龙缸景区,云阳
龙浒峡漂流,龙浒峡漂流,龙浒峡漂流
龙洄酒庄,龙洄酒庄,泸州市
龙门古镇,芦山县龙门古镇旅游景区,雅安市
龙门浩老街,龙门浩老街,龙门浩老街
龙蟠溪,龙蟠溪,宜宾市
龙桥文化生态园,龙桥文化生态园,泸州市
龙泉国际,成都市龙泉国际标榜旅游区,成都市
龙神垭,仪陇县龙神垭乡村旅游景区,南充市
龙滩子,名山区龙滩子景区,雅安市
龙潭河,达州万源市龙潭河旅游景区,达州市
龙头嘴,重庆市龙头嘴森林公园,开州
龙兴古镇,重庆渝北龙兴古镇景区,渝北
隆昌古湖,内江市隆昌古湖景区,内江市
芦苇滩,芦苇滩,芦苇滩
泸州方山,泸州方山旅游区,泸州市
泸州老窖,泸州老窖旅游区,泸州市
泸州市博物馆,泸州市博物馆,泸州市
鹿鸣茶海,鹿鸣茶海旅游景区,宜宾市
麓湖,成都麓湖水城景区,成都市
麓湖水城,成都麓湖水城景区,成都市
麓棠山,绵竹市九龙山一麓棠山旅游区,德阳市
露德堂,重庆璧山露德堂景区,璧山
罗城古镇,罗城古镇,乐山市
罗浮山,绵阳市罗浮山景区,绵阳市
罗汉寺,罗汉寺,罗汉寺
罗江白马关,罗江白马关景区,德阳市
罗泉古镇,内江市资中县罗泉古镇旅游景区,内江市
罗瑞卿纪念馆,罗瑞卿纪念馆旅游景区,南充市
罗中立美术馆,罗中立美术馆,罗中立美术馆
锣鼓宕,重庆云阳县锣鼓宕风景区,云阳
裸伊谷,裸伊谷景区,眉山市
洛带古镇,洛带古镇,成都市
骆騋山,重庆江津骆騋山景区,江津
旅博天地,四川旅博天地,乐山市
绿岛,重庆云阳绿岛景区,云阳
马渡关石林,宣汉县马渡关石林旅游景区,达州市
马扎营,重庆开州马扎营养生旅游区,开州
马祖故里,马祖故里景区,德阳市
玛瑙苗寨,马边县玛瑙苗寨旅游景区,乐山市
玫瑰谷,成都山玫瑰谷,达州市
玫瑰海,玫瑰海,自贡市
美国驻成都总领事馆,美国驻成都总领事馆,美国驻成都总领事馆
美人谷,重庆万州桐花湾美人谷景区,万州
美食文化园,休闲美食文化园,成都市
美心红酒,重庆美心红酒小镇景区3A,涪陵
蒙顶酒庄,名山区蒙顶酒庄景区,雅安市
蒙顶山,雅安蒙顶山旅游景区,雅安市
蒙牛工业,蒙牛乳制品（眉山）工业旅游景区,眉山市
孟塘里,孟塘里乡情生态园,内江市
梦幻岛,南湖梦幻岛,成都市
梦里水乡,梦里水乡田园度假农场,泸州市
弥陀禅院,重庆万州弥陀禅院,万州
米岩花海,宣汉县米岩花海旅游景区,达州市
蜜梨,广安市蜜梨度假村旅游景区,广安市
绵阳市科技馆,绵阳市科技馆旅游景区,绵阳市
喵儿石创艺,喵儿石创艺,喵儿石创艺
庙安花果山,宣汉县庙安花果山旅游景区,达州市
名山,重庆丰都名山风景区,丰都
魔芋工业,森态源魔芋工业旅游景区,乐山市
茉莉博览园,世界茉莉博览园,乐山市
沫若戏剧,沫若戏剧文创园,乐山市
缪氏庄园,邻水县缪氏庄园,广安市
牡丹樱花世界,重庆垫江牡丹樱花世界景区,垫江
木府,木府,木府
木鱼人家,乐山市木鱼人家旅游景区,乐山市
沐川竹海,沐川竹海,乐山市
奶牛梦工场,奶牛梦工场,奶牛梦工场
南滨公园,南滨公园,南滨公园
南滨路,重庆南滨路景区,南岸
南川金佛山,重庆南川金佛山景区,南川
南川生态大观园,重庆南川生态大观园,南川
南海温泉,重庆大渡口南海温泉中心,大渡口
南湖多彩植物园,南湖多彩植物园,南湖多彩植物园
南津关古镇,南津关古镇,南津关古镇
南津关连峰楼,南津关连峰楼,南津关连峰楼
南门楼,南门楼,南门楼
南屏步行街,南屏步行街,南屏步行街
南山,重庆市南山风景区,南岸
南山一棵树,重庆市南山风景区,南岸
南山植物园,重庆市南山风景区,南岸
南天湖,重庆丰都南天湖景区,丰都
南温泉,重庆南温泉风景区,巴南
南溪古街,南溪古街旅游景区,宜宾市
南溪区月亮湾,南溪区月亮湾,宜宾市
南溪区朱德旧居,南溪区朱德旧居景区,宜宾市
泥溪农耕,重庆云阳泥溪农耕故土园景区,云阳
年画村,中国绵竹年画村景区,德阳市
聂荣臻故居,重庆江津聂荣臻故居,江津
聂荣臻元帅,重庆聂荣臻元帅陈列馆,江津
柠海,魅力柠海景区,资阳市
牛佛古镇,牛佛古镇景区,自贡市
牛碾坪,雅安市名山区牛碾坪景区,雅安市
农夫山泉,农夫山泉峨眉山工业旅游区,乐山市
农科村,成都市郫县农科村,成都市
农林大世界,重庆铜梁西部农林大世界,铜梁
农民版画院,农民版画院,农民版画院
磐石月湖,通川区磐石月湖旅游景区,达州市
盤飧市,盤飧市,盤飧市
泡菜城,中国泡菜城景区,眉山市
彭祖故里,彭祖故里,眉山市
蓬莱公园,遂宁大英县蓬莱公园,遂宁市
枇杷山,重庆枇杷山,重庆枇杷山
枇杷园,重庆枇杷山,重庆枇杷山
平湖区,重庆万州三峡平湖旅游区,万州
平乐古镇,邛峡市平乐古镇,成都市
平武报恩寺,绵阳市平武报恩寺,绵阳市
菩提古镇,重庆长寿菩提古镇文化旅游区,长寿
菩提山,重庆长寿菩提山文化旅游区,长寿
蒲花暗河,蒲花暗河,蒲花暗河
七彩明珠,遂宁市安居区七彩明珠景区,遂宁市
七洞沟,宜宾市长宁县七洞沟旅游景区,宜宾市
七里坝,七里坝旅游景区,雅安市
七坪寨,七坪寨旅游景区,南充市
七曲山,梓橦县七曲山风景区,绵阳市
七星谷,重庆万州七星谷景区,万州
郪讲湿地,郪讲湿地公园,遂宁市
奇彩梦园,重庆铜梁黄桷门奇彩梦园,铜梁
奇芳花谷,重庆万州奇芳花谷景区,万州
歧山草原,重庆云阳县歧山草原景区,云阳
脐橙之乡,中国脐橙之乡风景旅游区,成都市
綦江博物馆,重庆綦江博物馆,綦江
千佛山,千佛山,千佛山
千佛岩,乐山市夹江县东风堰-千佛岩景区,乐山市
千佛寨,安岳县千佛寨旅游景区,资阳市
千坵,营山县多彩千坵旅游景区,南充市
千厮门大桥,千厮门大桥,千厮门大桥
琴台故径,琴台故径,琴台故径
青城后山,青城山—都江堰旅游景区,成都市
青城山,青城山—都江堰旅游景区,成都市
青羊宫,青羊宫,青羊宫
清代四川贡院,清代四川贡院,清代四川贡院
清溪沟,筠连清溪沟景区,宜宾市
清溪谷,达州市大竹县五峰山旅游景区,达州市
清源宫,重庆江津清源宫景区,江津
邛酒文化风情村,中国酒村一邛酒文化风情旅游村落,成都市
邱少云,重庆铜梁邱少云烈士纪念馆,铜梁
屈原故里,屈原故里,屈原故里
渠县賨人谷,达州市渠县賨人谷旅游景区,达州市
渠县纪念园,渠县红色渠县纪念园旅游景区,达州市
渠县文庙,渠县文庙景区,达州市
泉映梨花,泉映梨花旅游景区,成都市
人民大礼堂,重庆人民大礼堂及人民广场,渝中
人民公园,成都人民公园,成都人民公园
人民广场,重庆人民大礼堂及人民广场,渝中
人民英雄纪念碑,重庆人民英雄纪念碑,重庆人民英雄纪念碑
日月光中心广场,解放碑,解放碑
荣县大佛,自贡市荣县大佛文化旅游区,自贡市
融汇温泉小镇,重庆融汇温泉小镇,沙坪坝
三担湖,重庆璧山三担湖公园,璧山
三道堰,西部最美水乡?三道堰旅游景区,成都市
三多古寨,三多古寨景区,自贡市
三江半岛,绵阳市越王楼?三江半岛景区,绵阳市
三色乡,重庆铜梁三色乡下时光景区,铜梁
三圣花乡,三圣花乡观光旅游区,成都市
三苏祠,三苏祠景区,眉山市
三索窝,三索窝旅游景区,雅安市
三峡博物馆,重庆中国三峡博物馆,渝中
三峡梯城,重庆云阳三峡梯城景区,云阳
三峡移民,重庆三峡移民纪念馆,万州
三星堆,四川广汉三星堆博物馆,德阳市
伞乡,泸州市江阳区董允坝伞乡景区,泸州市
森态源,森态源魔芋工业旅游景区,乐山市
沙溪温泉,重庆涪陵沙溪温泉,涪陵
沙子湾,沙子湾景区,眉山市
山城步道,山城步道,山城步道
山水印象,常生山水印象,宜宾市
山王坪,山王坪,山王坪
上邦温泉,重庆上邦温泉旅游区,九龙坡
上里古城,雅安市雨城区上里古城,雅安市
上里古镇,上里古镇,上里古镇
舍得酒,遂宁市射洪市舍得酒文化旅游区,遂宁市
燊海井,自贡市燊海井景区,自贡市
神龟峡,重庆市黔江神龟峡景区,黔江
神剑园,通川区神剑园旅游景区,达州市
神龙山,神龙山巴人石头城,广安市
神木垒,硗碛藏寨·神木垒景区,雅安市
神木园,江湾神木园,眉山市
沈酒庄,泸州市叙永县中国沈酒庄景区,泸州市
沈子国酒庄,沈子国酒庄景区,泸州市
升钟湖,乐山市峨眉山大佛禅院佛教文化旅游区,乐山市
圣寿寺,圣寿寺,圣寿寺
圣水桃园,宣汉县圣水桃园旅游景区,达州市
盛山植物园,重庆开州盛山植物园,开州
狮子生态,狮子生态农业景区,眉山市
十八梯,十八梯,十八梯
石板河,内江市威远县石板河旅游区,内江市
石板溪,珙县石板溪娃娃鱼生态园,宜宾市
石宝寨,重庆忠县石宝寨,忠县
石海洞乡,兴文石海洞乡旅游区,宜宾市
石井坡,石井坡,石井坡
石菊古地,兴文石菊古地旅游景区,宜宾市
石门大佛,重庆江津石门大佛景区,江津
石牌坊,内江市隆昌县石牌坊旅游区,内江市
石桥乡湿地公园,重庆万州石桥乡湿地公园,万州
石笋山,重庆石笋山景区,江津
石象湖,石象湖景区,成都市
史迪威博物馆,史迪威博物馆,史迪威博物馆
世界樟海,世界樟海-长滩樟林景区,宜宾市
寿香谷,中国香山?寿香谷,德阳市
寿星谷,寿星谷景区,眉山市
蔬菜大观园,重庆万州同鑫蔬菜大观园,万州
蜀国鹃都,蜀国鹃都景区,成都市
蜀酒文化,蜀酒文化园区,成都市
蜀南花海,蜀南花海,宜宾市
蜀南竹海,宜宾市蜀南竹海风景名胜区,宜宾市
蜀山茶海,高县蜀山茶海景区,宜宾市
双桂堂,重庆梁平双桂堂,梁平
双江古镇,重庆潼南双江古镇景区,潼南
双龙湖,重庆双龙湖,重庆双龙湖
双龙桥,西充县双龙桥中国有机生态循环第一村,南充市
水车坪,重庆黔江水车坪景区,黔江
水泸坝,兴文县水泸坝景区,宜宾市
水墨顺河,金口河区水墨顺河旅游景区,乐山市
丝绸博物馆,中国绸都丝绸博物馆,南充市
死海,遂宁市中国死海旅游度假区,遂宁市
四川博物院,四川博物院,四川博物院
四川大学,四川大学,四川大学
四川美术馆,四川美术馆,四川美术学院
四川美术学院,四川美术学院,四川美术学院
四川美术学院(黄桷坪校区),四川美术学院,四川美术学院
四川省图书馆,四川省图书馆,四川省图书馆
四方井,重庆云阳县四方井公园景区,云阳
四季果乡,乐至县四季果乡景区,资阳市
四季果园,宜宾市屏山县四季果园景区,宜宾市
四季庭苑,五月玫瑰四季庭苑,成都市
四面山,重庆江津四面山景区,江津
寺外桃源,南充南部县寺外桃源旅游景区,南充市
松溉古镇,重庆永川松溉古镇,永川
松鼠部落,成都松鼠部落森林假日公园,成都市
宋庆龄,重庆宋庆龄旧居陈列馆,渝中
苏家坝立交桥,苏家坝立交桥,苏家坝立交桥
桫椤湖,乐山市犍为县嘉阳.桫椤湖景区,乐山市
塔子山,塔子山,塔子山
太安石林,太安石林,宜宾市
太公山,重庆江津太公山景区,江津
太古里,成都远洋太古里,成都远洋太古里
太极岛,大竹县玉带河太极岛,达州市
太平古镇,太平古镇景区,泸州市
泰安古镇,青城山—都江堰旅游景区,成都市
青城山—都江堰旅游景区,青城山—都江堰旅游景区,成都市
塘河古镇,重庆江津塘河古镇,沙坪坝
桃花故里,成都市桃花故里旅游景区,成都市
桃花山,松林桃花山风景区,德阳市
桃文化博览园,西充县桃文化博览园,南充市
桃源山居,桃源山居旅游景区,乐山市
特园,特园,特园
藤椒文化,幺麻子藤椒文化旅游景区,眉山市
天池公园,天池公园景区,宜宾市
天池山,天池山景区,眉山市
天赐温泉,重庆天赐温泉生态旅游景区,九龙坡
天地旅游区,重庆天地旅游区,渝中
天福观光茶园,夹江天福观光茶园,乐山市
天府橙都,天府橙都,眉山市
天府芙蓉园,成都市武侯区天府芙蓉园景区,成都市
天府广场,天府广场,天府广场
天府微博村,天府微博村,成都市
天工开物,简阳东来桃源景区,成都市
天宫院,阆中天宫院风水文化景区,南充市
天坪山,重庆巴南天坪山云林天乡景区,巴南
天泉,苦竹?天泉景区,宜宾市
天台山,天台山风景名胜区,成都市
天仙硐,泸州天仙硐,泸州市
天香草园,重庆开州紫海云天香草园,开州
天心桥,重庆开州天心桥景区,开州
天艺浓园,天艺浓园艺术博览园,成都市
天意谷,天意谷景区,广安市
铁路四村,铁路四村,铁路四村
铁山坪,重庆铁山坪森林公园,江北
通远门城墙遗址,通远门城墙遗址,通远门城墙遗址
铜锣山,铜锣山旅游区,广安市
潼川古城,三台县潼川古城景区,绵阳市
统景温泉,重庆统景温泉风景区,渝北
筒子楼,筒子楼,筒子楼
涂鸦一条街,四川美术学院,四川美术学院
土家十三寨,重庆黔江土家十三寨,黔江
瓦屋山,瓦屋山景区,眉山市
万花谷,万花谷景区,内江市
万灵古镇,重庆荣昌万灵古镇,荣昌
万盛科技馆,重庆万盛科技馆,万盛
望丛祠,望丛祠,成都市
望乡台,望乡台,望乡台
维斯特,绵阳市北川维斯特农业休闲旅游区,绵阳市
蔚然花海,成都市龙泉驿区蔚然花海景区,成都市
文峰街,重庆合川文峰街,合川
文峰山,达州市渠县文峰山文化旅游景区,达州市
文庙,文庙,文庙
文殊院,文殊院,文殊院
文武荷田,高县文武荷田景区,宜宾市
卧佛院,安岳石窟.卧佛院,资阳市
乌梅山,达州市达川区乌梅山旅游景区,达州市
乌木水寨,泸州乌木水寨,泸州市
乌木文化博览苑,乐山市乌木文化博览苑,乐山市
无花果博览园,威远县世界无花果博览园旅游景区,内江市
五彩荷园,五彩荷园景区,自贡市
五彩林,五彩林乡,资阳市
五彩天池,金口河区五彩天池旅游景区,乐山市
五峰山,达州市大竹县五峰山旅游景区,达州市
五凤溪,五凤溪景区,成都市
五华山,五华山旅游区,广安市
五金博物馆,重庆大足五金博物馆,大足
五块石街道,五块石街道,五块石街道
五粮液,五粮液旅游景区,宜宾市
五龙度假,阊中市天林乡五龙度假区,南充市
五月玫瑰,五月玫瑰四季庭苑,成都市
武侯祠,成都武侯祠博物馆,成都市
武陵山,重庆涪陵武陵山国家森林公园,涪陵
武陵山乡,武陵山乡,武陵山乡
夕佳山民居,夕佳山民居,宜宾市
西部农林,重庆铜梁西部农林大世界,铜梁
西湖,富顺文庙·西湖景区,自贡市
西湖公园,西湖公园,西湖公园
西岭雪山,成都市西岭雪山景区,成都市
西流沱小镇,西流沱小镇,西流沱小镇
西南航空文化,西南航空文化旅游景区,成都市
西秦会馆,西秦会馆,西秦会馆
西山风,南充市西山风景区,南充市
西山公园,重庆万州西山公园,万州
西游洞,重庆万州西游洞,铜梁
西月湖公园,南充营山县西月湖公园,南充市
犀牛山庄,犀牛山庄,眉山市
下浩老街,下浩老街,下浩老街
夏布小镇,重庆荣昌夏布小镇景区,荣昌
夏河溪,夏河溪景区,成都市
仙草园,重庆垫江仙草园中医文化旅游区,垫江
仙海,绵阳市仙海旅游景区,绵阳市
仙女洞,重庆开州温泉仙女洞,开州
仙市古镇,仙市古镇旅游景区,自贡市
先锋新寨,五渡先锋新寨景区,乐山市
鲜花山谷,鲜花山谷,成都市
香槟广场,香槟广场,香槟广场
香谷水世界,凤垚香谷水世界,宜宾市
香海温泉,重庆永川香海温泉旅游度假区,永川
香炉山,达州市宣汉县香炉山旅游景区,达州市
香山,中国香山?寿香谷,德阳市
响水六坊,响水六坊景区,眉山市
小酒馆,玉林路小酒馆,玉林路小酒馆
小南海,重庆黔江小南海旅游景区,黔江
小青龙河,小青龙河旅游景区,内江市
孝泉镇,孝泉镇,孝泉镇
肖溪古镇,广安市肖溪古镇,广安市
蟹螺堡子,蟹螺堡子,雅安市
新场古镇,新场古镇,成都市
新华公园,成都市新华公园,成都市
杏花村,青白江区客家杏花村旅游景区,成都市
幸福公社,幸福公社,宜宾市
幸福七里,安州区幸福七里旅游景区,绵阳市
幸福田园,幸福田园,成都市
熊猫古城,熊猫古城景区,雅安市
秀岭,秀岭春天景区,达州市
玄天湖,重庆铜梁玄天湖景区,铜梁
雪山新村,雅安雪山新村景区,雅安市
雪玉洞,重庆丰都雪玉洞景区,丰都
血村,南充市蓬安县血村,南充市
寻龙山,寻龙山景区,绵阳市
雅女湖,雅女湖有机农庄,眉山市
烟峰彝家新寨,马边县烟峰彝家新寨旅游景区,乐山市
严道古城,严道古城景区,雅安市
盐业历史博物馆,自贡盐业历史博物馆,自贡市
罨画池,崇州市罨画池,成都市
羊鹿山,重庆巴南羊鹿山景区,巴南
杨闇公故里,重庆潼南杨闇公故里景区,潼南
杨家坪步行街,杨家坪步行街,杨家坪步行街
洋烈水乡,达州市宣汉县洋烈水乡景区,达州市
洋人街,洋人街,洋人街
尧坝古镇,尧坝古镇,泸州市
药王谷,绵阳市北川药王谷旅游景区,绵阳市
药用植物园,重庆药用植物园,南川
夜啤酒长廊,夜啤酒长廊,夜啤酒长廊
伊利乳业,成都伊利乳业园旅游景区,成都市
壹华里,壹华里,壹华里
怡园,重庆渝中嘉西村—怡园景区,渝中
怡园景区,重庆渝中嘉西村—怡园景区,渝中
移民纪念馆,重庆三峡移民纪念馆,万州
艺术部落,梓潼县文昌艺术部落,绵阳市
易家河坝乡,广汉市易家河坝乡村旅游区,德阳市
易园园林,四川易园园林艺术博物馆,成都市
银城花海,银城花海,广安市
银鼎山,邻水县银鼎山公园,广安市
印盒李花,重庆渝北印盒李花生态旅游区,渝北
印象梅林,绵阳市平武印象梅林景区,绵阳市
樱花博览园,眉山樱花博览园,眉山市
樱桃山,成都蒲江樱桃山旅游景区,成都市
映山红,重庆云阳映山红公园,云阳
映像金阳,重庆映像金阳历史风貌区,南岸
永川桃花源,重庆永川桃花源旅游度假区,永川
永隆山,重庆南川永隆山森林公园,南川
友缘山庄,重庆合川友缘山庄,合川
有机生活公园,西充县中国有机生活公园旅游景区,南充市
余泽鸿故居,余泽鸿故居,宜宾市
禹迹山风,南部县禹迹山风景区,南充市
玉蟾山,玉蟾山景区,泸州市
玉皇养生谷,玉皇养生谷,成都市
玉龙山,绵阳市盐亭县玉龙山旅游景区,绵阳市
玉章故里,自贡市玉章故里景区,自贡市
御翠草堂,御翠草堂,成都市
御景园,什邡市花坞.御景园景区,德阳市
元通古镇,成都市崇州元通古镇景区,成都市
园博园,重庆园博园,渝北
圆觉洞,资阳市安岳石刻?圆觉洞景区,资阳市
圆觉洞摩崖造像,圆觉洞摩崖造像,圆觉洞摩崖造像
辕门仙草谷,辕门仙草谷,乐山市
月光草坪,重庆云阳月光草坪景区,云阳
月亮湖,雅安市名山区月亮湖景区,雅安市
岳池农家,岳池县岳池农家生态文化旅游区,广安市
岳池县乡愁园,岳池县乡愁园景区,广安市
悦缘花谷,悦缘花谷景区,资阳市
越王楼,绵阳市越王楼?三江半岛景区,绵阳市
云端之眼观景台,云端之眼观景台,云端之眼观景台
云峰茶谷,大竹县云峰茶谷旅游景区,达州市
云峰山,荥经县云峰山景区,雅安市
云溪温泉,云溪温泉,泸州市
云篆山,重庆巴南云篆山,巴南
枣康源,重庆云阳县枣康源景区,云阳
渣滓洞,渣滓洞,渣滓洞
寨山坪,寨山坪,寨山坪
战旗村,战旗村景区,成都市
张坝桂圆林,泸州市张坝桂圆林旅游景区,泸州市
张飞庙,重庆云阳张飞庙,云阳
张澜故里,张澜故里旅游区,南充市
张澜纪念馆,张澜纪念馆旅游景区,南充市
长嘉汇弹子石老街,重庆南岸长嘉汇弹子石老街,南岸
长江大桥,长江大桥,长江大桥
长江第一湾,南溪区长江第一湾景区,宜宾市
长江索道,重庆长江索道景区,渝中
长江竹岛,江安县长江竹岛景区,宜宾市
长寿古镇,长寿古镇,长寿古镇
长寿湖,重庆长寿湖旅游区,长寿
长滩樟林,世界樟海-长滩樟林景区,宜宾市
赵一曼故居,翠屏区赵一曼故居景区,宜宾市
真佛山,达州市真佛山景区,达州市
中富农庄,广安市岳池县中富农庄风景区,广安市
中国民主党派历史陈列馆,重庆中国民主党派历史陈列馆景区,渝中
中华侏罗纪探秘,遂宁市中华侏罗纪探秘旅游区,遂宁市
中里新村,中里新村,雅安市
中山古镇,重庆江津中山古镇,江津
中山四路,中山四路,中山四路
中泰天心,重庆巴南中泰天心佛文化旅游区,巴南
中兴路旧货交易,中兴路旧货交易,中兴路旧货交易
中岩,中岩景区,眉山市
忠县石宝寨,重庆忠县石宝寨,忠县
重龙山,内江资中重龙山,内江市
重庆白象街,重庆白象街,重庆白象街
重庆大剧院,重庆大剧院,重庆大剧院
重庆大礼堂,重庆人民大礼堂及人民广场,渝中
重庆大学,重庆大学,重庆大学
重庆当代美术馆,重庆当代美术馆,重庆当代美术馆
重庆观音桥,重庆观音桥商圈都市旅游区,江北
重庆欢乐谷,重庆欢乐谷景区,渝北
重庆建川博物馆,重庆建川博物馆,九龙坡
重庆交通茶馆,重庆交通茶馆,重庆交通茶馆
重庆科技馆,重庆科技馆,江北
重庆美术馆,重庆美术馆,重庆美术馆
重庆南岸南山桃花园景区,重庆市南山风景区,南岸
重庆南山植物园,重庆市南山风景区,南岸
重庆黔江濯水景区,重庆黔江濯水古镇,黔江
重庆人民大礼堂,重庆人民大礼堂及人民广场,渝中
重庆三峡博物馆,重庆中国三峡博物馆,渝中
重庆市规划展览馆,重庆市规划展览馆,渝中
重庆渝中嘉西村,重庆渝中嘉西村—怡园景区,渝中
重庆园博园,重庆园博园,渝北
周公馆,周公馆,周公馆
周公山,雅安周公山森林公园,雅安市
周君记火锅,重庆周君记火锅食品工业旅游体验园,九龙坡
朱德故里,朱德故里景区,南充市
朱德旧居陈列馆,泸州市况场朱德旧居陈列馆,泸州市
朱德铜像,仪陇县朱德铜像纪念园,南充市
竹海酒庄,长宁县竹海酒庄,宜宾市
竹林公园,重庆渝北竹林公园,渝北
竹石林,西部竹石林景区,宜宾市
竹溪湖,邛峡竹溪湖生态旅游景区,成都市
竹艺城,国际竹艺城景区,眉山市
竹艺村,成都市崇州市竹艺村景区,成都市
状元洞,状元洞,状元洞
卓简井,卓简井遗址公园,遂宁市
濯水,重庆黔江濯水古镇,黔江
濯水古镇,重庆黔江濯水古镇,黔江
子昂故里,子昂故里文化旅游区,遂宁市
梓州杜甫草堂,三台县梓州杜甫草堂景区,绵阳市
紫海云天香草园,重庆开州紫海云天香草园,开州
紫坪铺水库,紫坪铺水库,紫坪铺水库
紫石关,紫石关村旅游景区,雅安市
自然博物馆,重庆自然博物馆,北碚
醉湖,醉湖,醉湖
醉美橙香,醉美橙香旅游景区,南充市
醉氧天街,醉氧天街,乐山市
遵义会议会址,遵义会议会址,遵义会议会址
昭化文庙,昭化文庙,昭化文庙
绵阳市千佛山,绵阳市千佛山,绵阳市千佛山
安仁古镇,安仁古镇,安仁古镇
成都蜀锦织绣博物馆,成都蜀锦织绣博物馆,成都蜀锦织绣博物馆
昌州故里,昌州故里,昌州故里
江津西湖镇,江津西湖镇,江津西湖镇
绵阳市千佛山,绵阳市千佛山,绵阳市千佛山
重庆市博物馆,重庆市博物馆,重庆市博物馆
方所书店,方所书店,方所书店
成都博物馆,成都博物馆,成都博物馆
烽烟三国,烽烟三国,烽烟三国